{
  "10.0.0": "https://dl.google.com/dl/firebase/ios/carthage/10.0.0/FirebaseABTesting-7e99c47d786adc1b.zip",
  "10.1.0": "https://dl.google.com/dl/firebase/ios/carthage/10.1.0/FirebaseABTesting-51e22666b1949041.zip",
  "10.10.0": "https://dl.google.com/dl/firebase/ios/carthage/10.10.0/FirebaseABTesting-a496877e09766ffd.zip",
  "10.11.0": "https://dl.google.com/dl/firebase/ios/carthage/10.11.0/FirebaseABTesting-532354ff5708e194.zip",
  "10.12.0": "https://dl.google.com/dl/firebase/ios/carthage/10.12.0/FirebaseABTesting-1dbfd27244bf3f1e.zip",
  "10.13.0": "https://dl.google.com/dl/firebase/ios/carthage/10.13.0/FirebaseABTesting-ef45978aeaccebcb.zip",
  "10.14.0": "https://dl.google.com/dl/firebase/ios/carthage/10.14.0/FirebaseABTesting-685c13c76c24fcc0.zip",
  "10.15.0": "https://dl.google.com/dl/firebase/ios/carthage/10.15.0/FirebaseABTesting-3b46437722c3dbc0.zip",
  "10.16.0": "https://dl.google.com/dl/firebase/ios/carthage/10.16.0/FirebaseABTesting-19a21793fc54b22c.zip",
  "10.17.0": "https://dl.google.com/dl/firebase/ios/carthage/10.17.0/FirebaseABTesting-077b2dc3bc28f19b.zip",
  "10.18.0": "https://dl.google.com/dl/firebase/ios/carthage/10.18.0/FirebaseABTesting-60386b1807639d7f.zip",
  "10.19.0": "https://dl.google.com/dl/firebase/ios/carthage/10.19.0/FirebaseABTesting-1a1916232af9cd1a.zip",
  "10.2.0": "https://dl.google.com/dl/firebase/ios/carthage/10.2.0/FirebaseABTesting-3c0e5c9ddc52bccd.zip",
  "10.20.0": "https://dl.google.com/dl/firebase/ios/carthage/10.20.0/FirebaseABTesting-8dad3d6af34cb26c.zip",
  "10.21.0": "https://dl.google.com/dl/firebase/ios/carthage/10.21.0/FirebaseABTesting-0ad6c6c2f729706c.zip",
  "10.22.0": "https://dl.google.com/dl/firebase/ios/carthage/10.22.0/FirebaseABTesting-2823ac22562f1fbe.zip",
  "10.23.0": "https://dl.google.com/dl/firebase/ios/carthage/10.23.0/FirebaseABTesting-999c4183ee13b8d3.zip",
  "10.24.0": "https://dl.google.com/dl/firebase/ios/carthage/10.24.0/FirebaseABTesting-f0810693c46fdadc.zip",
  "10.25.0": "https://dl.google.com/dl/firebase/ios/carthage/10.25.0/FirebaseABTesting-7c24443801777936.zip",
  "10.27.0": "https://dl.google.com/dl/firebase/ios/carthage/10.27.0/FirebaseABTesting-8b2f53436c64a872.zip",
  "10.28.0": "https://dl.google.com/dl/firebase/ios/carthage/10.28.0/FirebaseABTesting-130e2b6d9a63718c.zip",
  "10.29.0": "https://dl.google.com/dl/firebase/ios/carthage/10.29.0/FirebaseABTesting-a8a467b0d6b916f0.zip",
  "10.3.0": "https://dl.google.com/dl/firebase/ios/carthage/10.3.0/FirebaseABTesting-e87c686cee02758a.zip",
  "10.4.0": "https://dl.google.com/dl/firebase/ios/carthage/10.4.0/FirebaseABTesting-6a65ab8b888172af.zip",
  "10.5.0": "https://dl.google.com/dl/firebase/ios/carthage/10.5.0/FirebaseABTesting-197f0cb4125363b6.zip",
  "10.6.0": "https://dl.google.com/dl/firebase/ios/carthage/10.6.0/FirebaseABTesting-a0406dfa65451d86.zip",
  "10.7.0": "https://dl.google.com/dl/firebase/ios/carthage/10.7.0/FirebaseABTesting-f6703794173225ac.zip",
  "10.8.0": "https://dl.google.com/dl/firebase/ios/carthage/10.8.0/FirebaseABTesting-08e98ef79cd15ebe.zip",
  "10.9.0": "https://dl.google.com/dl/firebase/ios/carthage/10.9.0/FirebaseABTesting-0d992d73cce9103c.zip",
  "11.0.0": "https://dl.google.com/dl/firebase/ios/carthage/11.0.0/FirebaseABTesting-bd865e6158ecfeaa.zip",
  "11.1.0": "https://dl.google.com/dl/firebase/ios/carthage/11.1.0/FirebaseABTesting-1bc00d2361fabe31.zip",
  "11.2.0": "https://dl.google.com/dl/firebase/ios/carthage/11.2.0/FirebaseABTesting-0d51fde82d49f9e8.zip",
  "11.3.0": "https://dl.google.com/dl/firebase/ios/carthage/11.3.0/FirebaseABTesting-2233510ff87da3b6.zip",
  "11.4.0": "https://dl.google.com/dl/firebase/ios/carthage/11.4.0/FirebaseABTesting-4d0b187af6fd8d67.zip",
  "11.5.0": "https://dl.google.com/dl/firebase/ios/carthage/11.5.0/FirebaseABTesting-0c318b2c019b4484.zip",
  "4.11.0": "https://dl.google.com/dl/firebase/ios/carthage/4.11.0/ABTesting-d0fdf10c43e985b1.zip",
  "4.12.0": "https://dl.google.com/dl/firebase/ios/carthage/4.12.0/ABTesting-d0fdf10c43e985b1.zip",
  "4.9.0": "https://dl.google.com/dl/firebase/ios/carthage/4.9.0/ABTesting-a71d17cadc209af9.zip",
  "5.0.0": "https://dl.google.com/dl/firebase/ios/carthage/5.0.0/ABTesting-5eea405a279c8323.zip",
  "5.0.1": "https://dl.google.com/dl/firebase/ios/carthage/5.0.1/ABTesting-59270a37743dcac7.zip",
  "5.1.0": "https://dl.google.com/dl/firebase/ios/carthage/5.1.0/ABTesting-c18ba4228a1444a7.zip",
  "5.10.0": "https://dl.google.com/dl/firebase/ios/carthage/5.10.0/ABTesting-ca9ae4ca228ca216.zip",
  "5.11.0": "https://dl.google.com/dl/firebase/ios/carthage/5.11.0/ABTesting-af64b25687f8e77b.zip",
  "5.12.0": "https://dl.google.com/dl/firebase/ios/carthage/5.12.0/ABTesting-92286e6752dd80c8.zip",
  "5.13.0": "https://dl.google.com/dl/firebase/ios/carthage/5.13.0/ABTesting-ca9ae4ca228ca216.zip",
  "5.14.0": "https://dl.google.com/dl/firebase/ios/carthage/5.14.0/ABTesting-af64b25687f8e77b.zip",
  "5.15.0": "https://dl.google.com/dl/firebase/ios/carthage/5.15.0/ABTesting-ca9ae4ca228ca216.zip",
  "5.16.0": "https://dl.google.com/dl/firebase/ios/carthage/5.16.0/ABTesting-ca9ae4ca228ca216.zip",
  "5.17.0": "https://dl.google.com/dl/firebase/ios/carthage/5.17.0/ABTesting-055a1aae7c78beeb.zip",
  "5.18.1": "https://dl.google.com/dl/firebase/ios/carthage/5.18.1/ABTesting-caf52bf580a4cda7.zip",
  "5.18.2": "https://dl.google.com/dl/firebase/ios/carthage/5.18.2/ABTesting-89d4a53830d24062.zip",
  "5.19.0": "https://dl.google.com/dl/firebase/ios/carthage/5.19.0/ABTesting-95b5c608eb4ed81d.zip",
  "5.2.0": "https://dl.google.com/dl/firebase/ios/carthage/5.2.0/ABTesting-59270a37743dcac7.zip",
  "5.20.0": "https://dl.google.com/dl/firebase/ios/carthage/5.20.0/ABTesting-95b5c608eb4ed81d.zip",
  "5.3.0": "https://dl.google.com/dl/firebase/ios/carthage/5.3.0/ABTesting-464e9af2ea497263.zip",
  "5.4.0": "https://dl.google.com/dl/firebase/ios/carthage/5.4.0/ABTesting-d23c79e0218f52ff.zip",
  "5.6.0": "https://dl.google.com/dl/firebase/ios/carthage/5.6.0/ABTesting-af64b25687f8e77b.zip",
  "5.8.0": "https://dl.google.com/dl/firebase/ios/carthage/5.8.0/ABTesting-af64b25687f8e77b.zip",
  "6.0.0": "https://dl.google.com/dl/firebase/ios/carthage/6.0.0/ABTesting-60956d080ebd2970.zip",
  "6.1.0": "https://dl.google.com/dl/firebase/ios/carthage/6.1.0/ABTesting-ddf0fedae2bfe656.zip",
  "6.10.0": "https://dl.google.com/dl/firebase/ios/carthage/6.10.0/ABTesting-4908285f34a702bb.zip",
  "6.11.0": "https://dl.google.com/dl/firebase/ios/carthage/6.11.0/ABTesting-b5ecd9d7719b57f3.zip",
  "6.12.0": "https://dl.google.com/dl/firebase/ios/carthage/6.12.0/ABTesting-f247870f4a8db453.zip",
  "6.13.0": "https://dl.google.com/dl/firebase/ios/carthage/6.13.0/ABTesting-1211e15235ba03c4.zip",
  "6.14.0": "https://dl.google.com/dl/firebase/ios/carthage/6.14.0/FirebaseABTesting-990f6eb7a9cb7f8c.zip",
  "6.15.0": "https://dl.google.com/dl/firebase/ios/carthage/6.15.0/FirebaseABTesting-af097a19fc0a3abc.zip",
  "6.16.0": "https://dl.google.com/dl/firebase/ios/carthage/6.16.0/FirebaseABTesting-da65893be43ddc54.zip",
  "6.17.0": "https://dl.google.com/dl/firebase/ios/carthage/6.17.0/FirebaseABTesting-670a1539ed8dfea9.zip",
  "6.18.0": "https://dl.google.com/dl/firebase/ios/carthage/6.18.0/FirebaseABTesting-c453a63b146db116.zip",
  "6.19.0": "https://dl.google.com/dl/firebase/ios/carthage/6.19.0/FirebaseABTesting-701c303a8c0f872f.zip",
  "6.2.0": "https://dl.google.com/dl/firebase/ios/carthage/6.2.0/ABTesting-048be4f3a2f0ff1e.zip",
  "6.21.0": "https://dl.google.com/dl/firebase/ios/carthage/6.21.0/FirebaseABTesting-8d704234843817fe.zip",
  "6.22.0": "https://dl.google.com/dl/firebase/ios/carthage/6.22.0/FirebaseABTesting-c25012758f560650.zip",
  "6.23.0": "https://dl.google.com/dl/firebase/ios/carthage/6.23.0/FirebaseABTesting-cfb5333088f43939.zip",
  "6.24.0": "https://dl.google.com/dl/firebase/ios/carthage/6.24.0/FirebaseABTesting-66acaeeeaae28c19.zip",
  "6.26.0": "https://dl.google.com/dl/firebase/ios/carthage/6.26.0/FirebaseABTesting-5b3ca3c00ce93369.zip",
  "6.27.0": "https://dl.google.com/dl/firebase/ios/carthage/6.27.0/FirebaseABTesting-668a514594051897.zip",
  "6.28.1": "https://dl.google.com/dl/firebase/ios/carthage/6.28.1/FirebaseABTesting-c1237efa4728ac68.zip",
  "6.29.0": "https://dl.google.com/dl/firebase/ios/carthage/6.29.0/FirebaseABTesting-0459e7119606259e.zip",
  "6.3.0": "https://dl.google.com/dl/firebase/ios/carthage/6.3.0/ABTesting-858dd6f83156ecd7.zip",
  "6.30.0": "https://dl.google.com/dl/firebase/ios/carthage/6.30.0/FirebaseABTesting-7bc6980c71683abf.zip",
  "6.31.0": "https://dl.google.com/dl/firebase/ios/carthage/6.31.0/FirebaseABTesting-408f8937fd59c92b.zip",
  "6.32.0": "https://dl.google.com/dl/firebase/ios/carthage/6.32.0/FirebaseABTesting-fc8076f5ab5f4729.zip",
  "6.33.0": "https://dl.google.com/dl/firebase/ios/carthage/6.33.0/FirebaseABTesting-bd31fd5b91caf11a.zip",
  "6.34.0": "https://dl.google.com/dl/firebase/ios/carthage/6.34.0/FirebaseABTesting-7c3e82911461d3de.zip",
  "6.4.0": "https://dl.google.com/dl/firebase/ios/carthage/6.4.0/ABTesting-4e08ffbda43e73ff.zip",
  "6.5.0": "https://dl.google.com/dl/firebase/ios/carthage/6.5.0/ABTesting-b2724a5eba3ebf32.zip",
  "6.6.0": "https://dl.google.com/dl/firebase/ios/carthage/6.6.0/ABTesting-8cd6e87c40a2979c.zip",
  "6.7.0": "https://dl.google.com/dl/firebase/ios/carthage/6.7.0/ABTesting-69cf17255f965180.zip",
  "6.8.0": "https://dl.google.com/dl/firebase/ios/carthage/6.8.0/ABTesting-0cfcdbeb0f1f23e5.zip",
  "6.8.1": "https://dl.google.com/dl/firebase/ios/carthage/6.8.1/ABTesting-55feba1b99b3ebf4.zip",
  "6.9.0": "https://dl.google.com/dl/firebase/ios/carthage/6.9.0/ABTesting-a17b271bd2822405.zip",
  "7.0.0": "https://dl.google.com/dl/firebase/ios/carthage/7.0.0/FirebaseABTesting-4520f0f18180693c.zip",
  "7.1.0": "https://dl.google.com/dl/firebase/ios/carthage/7.1.0/FirebaseABTesting-39bed14d3a4a43e7.zip",
  "7.10.0": "https://dl.google.com/dl/firebase/ios/carthage/7.10.0/FirebaseABTesting-2a270dfd2c967cd3.zip",
  "7.11.0": "https://dl.google.com/dl/firebase/ios/carthage/7.11.0/FirebaseABTesting-1b113a13f54c86c9.zip",
  "7.3.0": "https://dl.google.com/dl/firebase/ios/carthage/7.3.0/FirebaseABTesting-425abea6eeaa340c.zip",
  "7.4.0": "https://dl.google.com/dl/firebase/ios/carthage/7.4.0/FirebaseABTesting-8dd3bd238519cd4f.zip",
  "7.5.0": "https://dl.google.com/dl/firebase/ios/carthage/7.5.0/FirebaseABTesting-885726e154cd826d.zip",
  "7.6.0": "https://dl.google.com/dl/firebase/ios/carthage/7.6.0/FirebaseABTesting-2712cc2feb1f6d55.zip",
  "7.7.0": "https://dl.google.com/dl/firebase/ios/carthage/7.7.0/FirebaseABTesting-d4016bb7e0c35bf2.zip",
  "7.8.0": "https://dl.google.com/dl/firebase/ios/carthage/7.8.0/FirebaseABTesting-0e0b75b57559868e.zip",
  "8.0.0": "https://dl.google.com/dl/firebase/ios/carthage/8.0.0/FirebaseABTesting-acaf9e9f1817cb03.zip",
  "8.1.0": "https://dl.google.com/dl/firebase/ios/carthage/8.1.0/FirebaseABTesting-8056c62c16ec58da.zip",
  "8.10.0": "https://dl.google.com/dl/firebase/ios/carthage/8.10.0/FirebaseABTesting-1d6c8c567b8ce7b0.zip",
  "8.11.0": "https://dl.google.com/dl/firebase/ios/carthage/8.11.0/FirebaseABTesting-6197c534fd5bfa7b.zip",
  "8.12.1": "https://dl.google.com/dl/firebase/ios/carthage/8.12.1/FirebaseABTesting-7a56e9cd1a6ee0c0.zip",
  "8.13.0": "https://dl.google.com/dl/firebase/ios/carthage/8.13.0/FirebaseABTesting-991b02f27b7997f5.zip",
  "8.14.0": "https://dl.google.com/dl/firebase/ios/carthage/8.14.0/FirebaseABTesting-4b776b55c2ede9fb.zip",
  "8.15.0": "https://dl.google.com/dl/firebase/ios/carthage/8.15.0/FirebaseABTesting-c6cd6a0ead67e68a.zip",
  "8.2.0": "https://dl.google.com/dl/firebase/ios/carthage/8.2.0/FirebaseABTesting-88a26b1e0168b4bb.zip",
  "8.3.0": "https://dl.google.com/dl/firebase/ios/carthage/8.3.0/FirebaseABTesting-2607bb7ebf76f885.zip",
  "8.4.0": "https://dl.google.com/dl/firebase/ios/carthage/8.4.0/FirebaseABTesting-6734aaaed41f7f9a.zip",
  "8.5.0": "https://dl.google.com/dl/firebase/ios/carthage/8.5.0/FirebaseABTesting-c084ba9a25987220.zip",
  "8.6.0": "https://dl.google.com/dl/firebase/ios/carthage/8.6.0/FirebaseABTesting-42a8b34b0e7507f8.zip",
  "8.7.0": "https://dl.google.com/dl/firebase/ios/carthage/8.7.0/FirebaseABTesting-8d8721bc7e0b0cd4.zip",
  "8.8.0": "https://dl.google.com/dl/firebase/ios/carthage/8.8.0/FirebaseABTesting-d3492af035cefd92.zip",
  "8.9.0": "https://dl.google.com/dl/firebase/ios/carthage/8.9.0/FirebaseABTesting-d7739a79565e1e31.zip",
  "8.9.1": "https://dl.google.com/dl/firebase/ios/carthage/8.9.1/FirebaseABTesting-312a3b93060c73b7.zip",
  "9.0.0": "https://dl.google.com/dl/firebase/ios/carthage/9.0.0/FirebaseABTesting-5a2559c538da1c47.zip",
  "9.1.0": "https://dl.google.com/dl/firebase/ios/carthage/9.1.0/FirebaseABTesting-20e472d53d01cfdf.zip",
  "9.2.0": "https://dl.google.com/dl/firebase/ios/carthage/9.2.0/FirebaseABTesting-9e68df134b1e6b66.zip",
  "9.3.0": "https://dl.google.com/dl/firebase/ios/carthage/9.3.0/FirebaseABTesting-46e2b1615dfa4a02.zip",
  "9.4.0": "https://dl.google.com/dl/firebase/ios/carthage/9.4.0/FirebaseABTesting-58f1a082bdfe2c6b.zip",
  "9.5.0": "https://dl.google.com/dl/firebase/ios/carthage/9.5.0/FirebaseABTesting-2e8d21380a5a0b72.zip",
  "9.6.0": "https://dl.google.com/dl/firebase/ios/carthage/9.6.0/FirebaseABTesting-1f72b09dc9a38fe4.zip"
}
