{
  "10.0.0": "https://dl.google.com/dl/firebase/ios/carthage/10.0.0/FirebaseMLModelDownloader-1d05e75ca6ace6e2.zip",
  "10.1.0": "https://dl.google.com/dl/firebase/ios/carthage/10.1.0/FirebaseMLModelDownloader-7d05cd03ee5e2426.zip",
  "10.10.0": "https://dl.google.com/dl/firebase/ios/carthage/10.10.0/FirebaseMLModelDownloader-3bbaf04586b17070.zip",
  "10.11.0": "https://dl.google.com/dl/firebase/ios/carthage/10.11.0/FirebaseMLModelDownloader-44093323ff8258de.zip",
  "10.12.0": "https://dl.google.com/dl/firebase/ios/carthage/10.12.0/FirebaseMLModelDownloader-8c3b0d61cdf0556a.zip",
  "10.13.0": "https://dl.google.com/dl/firebase/ios/carthage/10.13.0/FirebaseMLModelDownloader-f490b5a54f6170d4.zip",
  "10.14.0": "https://dl.google.com/dl/firebase/ios/carthage/10.14.0/FirebaseMLModelDownloader-c1a3a0dc7303f73a.zip",
  "10.15.0": "https://dl.google.com/dl/firebase/ios/carthage/10.15.0/FirebaseMLModelDownloader-e668f64bbcd41ccd.zip",
  "10.16.0": "https://dl.google.com/dl/firebase/ios/carthage/10.16.0/FirebaseMLModelDownloader-878bed89989c6881.zip",
  "10.17.0": "https://dl.google.com/dl/firebase/ios/carthage/10.17.0/FirebaseMLModelDownloader-ec90500fc6359954.zip",
  "10.18.0": "https://dl.google.com/dl/firebase/ios/carthage/10.18.0/FirebaseMLModelDownloader-e2d1f325f5000ac6.zip",
  "10.19.0": "https://dl.google.com/dl/firebase/ios/carthage/10.19.0/FirebaseMLModelDownloader-865fc851458ff97e.zip",
  "10.2.0": "https://dl.google.com/dl/firebase/ios/carthage/10.2.0/FirebaseMLModelDownloader-ee2af587027e74d3.zip",
  "10.20.0": "https://dl.google.com/dl/firebase/ios/carthage/10.20.0/FirebaseMLModelDownloader-e45969e88bf879cd.zip",
  "10.21.0": "https://dl.google.com/dl/firebase/ios/carthage/10.21.0/FirebaseMLModelDownloader-d779b84cfdf214f3.zip",
  "10.22.0": "https://dl.google.com/dl/firebase/ios/carthage/10.22.0/FirebaseMLModelDownloader-b3bffe302a074d0e.zip",
  "10.23.0": "https://dl.google.com/dl/firebase/ios/carthage/10.23.0/FirebaseMLModelDownloader-acc3b6f7b4beb3d8.zip",
  "10.24.0": "https://dl.google.com/dl/firebase/ios/carthage/10.24.0/FirebaseMLModelDownloader-7d8218cf3d3ef34e.zip",
  "10.25.0": "https://dl.google.com/dl/firebase/ios/carthage/10.25.0/FirebaseMLModelDownloader-0373c9fd0cc9bd65.zip",
  "10.27.0": "https://dl.google.com/dl/firebase/ios/carthage/10.27.0/FirebaseMLModelDownloader-d6b2523fc880d0e3.zip",
  "10.28.0": "https://dl.google.com/dl/firebase/ios/carthage/10.28.0/FirebaseMLModelDownloader-fdf89520652f4015.zip",
  "10.29.0": "https://dl.google.com/dl/firebase/ios/carthage/10.29.0/FirebaseMLModelDownloader-404c6b032df7d0a9.zip",
  "10.3.0": "https://dl.google.com/dl/firebase/ios/carthage/10.3.0/FirebaseMLModelDownloader-559cb113c0cfd8f2.zip",
  "10.4.0": "https://dl.google.com/dl/firebase/ios/carthage/10.4.0/FirebaseMLModelDownloader-9c909894999c92e4.zip",
  "10.5.0": "https://dl.google.com/dl/firebase/ios/carthage/10.5.0/FirebaseMLModelDownloader-9abf9b0e24bfb921.zip",
  "10.6.0": "https://dl.google.com/dl/firebase/ios/carthage/10.6.0/FirebaseMLModelDownloader-32232af316aa173b.zip",
  "10.7.0": "https://dl.google.com/dl/firebase/ios/carthage/10.7.0/FirebaseMLModelDownloader-b3b708608b720282.zip",
  "10.8.0": "https://dl.google.com/dl/firebase/ios/carthage/10.8.0/FirebaseMLModelDownloader-4b76f0890fe3768f.zip",
  "10.9.0": "https://dl.google.com/dl/firebase/ios/carthage/10.9.0/FirebaseMLModelDownloader-2656725e56950b58.zip",
  "11.0.0": "https://dl.google.com/dl/firebase/ios/carthage/11.0.0/FirebaseMLModelDownloader-587e66639052095f.zip",
  "11.1.0": "https://dl.google.com/dl/firebase/ios/carthage/11.1.0/FirebaseMLModelDownloader-4029775a5484e3d2.zip",
  "11.2.0": "https://dl.google.com/dl/firebase/ios/carthage/11.2.0/FirebaseMLModelDownloader-d8649822e63fbf7f.zip",
  "11.3.0": "https://dl.google.com/dl/firebase/ios/carthage/11.3.0/FirebaseMLModelDownloader-517f51af92733a7f.zip",
  "11.4.0": "https://dl.google.com/dl/firebase/ios/carthage/11.4.0/FirebaseMLModelDownloader-069609cbcde7e789.zip",
  "11.5.0": "https://dl.google.com/dl/firebase/ios/carthage/11.5.0/FirebaseMLModelDownloader-c6340805afa15d66.zip",
  "8.0.0": "https://dl.google.com/dl/firebase/ios/carthage/8.0.0/FirebaseMLModelDownloader-8f972757fb181320.zip",
  "8.1.0": "https://dl.google.com/dl/firebase/ios/carthage/8.1.0/FirebaseMLModelDownloader-058ad59fa6dc0111.zip",
  "8.10.0": "https://dl.google.com/dl/firebase/ios/carthage/8.10.0/FirebaseMLModelDownloader-286479a966d2fb37.zip",
  "8.11.0": "https://dl.google.com/dl/firebase/ios/carthage/8.11.0/FirebaseMLModelDownloader-f75e3f172720727f.zip",
  "8.12.1": "https://dl.google.com/dl/firebase/ios/carthage/8.12.1/FirebaseMLModelDownloader-a84cd058f3cb9bf7.zip",
  "8.13.0": "https://dl.google.com/dl/firebase/ios/carthage/8.13.0/FirebaseMLModelDownloader-2a55dfb975b0f50f.zip",
  "8.14.0": "https://dl.google.com/dl/firebase/ios/carthage/8.14.0/FirebaseMLModelDownloader-7a4b619ceba26b70.zip",
  "8.15.0": "https://dl.google.com/dl/firebase/ios/carthage/8.15.0/FirebaseMLModelDownloader-8b6c47301ef15d2d.zip",
  "8.2.0": "https://dl.google.com/dl/firebase/ios/carthage/8.2.0/FirebaseMLModelDownloader-9647c06436d2d77b.zip",
  "8.3.0": "https://dl.google.com/dl/firebase/ios/carthage/8.3.0/FirebaseMLModelDownloader-7f5ea29bf31dfe21.zip",
  "8.4.0": "https://dl.google.com/dl/firebase/ios/carthage/8.4.0/FirebaseMLModelDownloader-5503d153ed5ccc51.zip",
  "8.5.0": "https://dl.google.com/dl/firebase/ios/carthage/8.5.0/FirebaseMLModelDownloader-680581a90ee2a4e7.zip",
  "8.6.0": "https://dl.google.com/dl/firebase/ios/carthage/8.6.0/FirebaseMLModelDownloader-8f7343df46beff19.zip",
  "8.7.0": "https://dl.google.com/dl/firebase/ios/carthage/8.7.0/FirebaseMLModelDownloader-bc57dff1ea462f2e.zip",
  "8.8.0": "https://dl.google.com/dl/firebase/ios/carthage/8.8.0/FirebaseMLModelDownloader-44aec542ad6aa5a5.zip",
  "8.9.0": "https://dl.google.com/dl/firebase/ios/carthage/8.9.0/FirebaseMLModelDownloader-766753e99bb4b6f9.zip",
  "8.9.1": "https://dl.google.com/dl/firebase/ios/carthage/8.9.1/FirebaseMLModelDownloader-bef667d929f0eb60.zip",
  "9.0.0": "https://dl.google.com/dl/firebase/ios/carthage/9.0.0/FirebaseMLModelDownloader-db47e4d67d73edfb.zip",
  "9.1.0": "https://dl.google.com/dl/firebase/ios/carthage/9.1.0/FirebaseMLModelDownloader-957d944daf5b847e.zip",
  "9.2.0": "https://dl.google.com/dl/firebase/ios/carthage/9.2.0/FirebaseMLModelDownloader-868eaef722e10a8a.zip",
  "9.3.0": "https://dl.google.com/dl/firebase/ios/carthage/9.3.0/FirebaseMLModelDownloader-8ae2316d93abc6af.zip",
  "9.4.0": "https://dl.google.com/dl/firebase/ios/carthage/9.4.0/FirebaseMLModelDownloader-c297768b8af4a964.zip",
  "9.5.0": "https://dl.google.com/dl/firebase/ios/carthage/9.5.0/FirebaseMLModelDownloader-05d74cb1c1e66efa.zip",
  "9.6.0": "https://dl.google.com/dl/firebase/ios/carthage/9.6.0/FirebaseMLModelDownloader-889df0ce8ef73859.zip"
}
