{
  "10.0.0": "https://dl.google.com/dl/firebase/ios/carthage/10.0.0/FirebaseFirestore-07afb0388fbd6796.zip",
  "10.1.0": "https://dl.google.com/dl/firebase/ios/carthage/10.1.0/FirebaseFirestore-2e32666a88605d1e.zip",
  "10.10.0": "https://dl.google.com/dl/firebase/ios/carthage/10.10.0/FirebaseFirestore-2821defd38b13951.zip",
  "10.11.0": "https://dl.google.com/dl/firebase/ios/carthage/10.11.0/FirebaseFirestore-8942eceb4adca1bc.zip",
  "10.12.0": "https://dl.google.com/dl/firebase/ios/carthage/10.12.0/FirebaseFirestore-9635e6df42c2c501.zip",
  "10.13.0": "https://dl.google.com/dl/firebase/ios/carthage/10.13.0/FirebaseFirestore-76130d4dcab959a1.zip",
  "10.14.0": "https://dl.google.com/dl/firebase/ios/carthage/10.14.0/FirebaseFirestore-c5f96d2604cfc186.zip",
  "10.15.0": "https://dl.google.com/dl/firebase/ios/carthage/10.15.0/FirebaseFirestore-08038f9453adb6d8.zip",
  "10.16.0": "https://dl.google.com/dl/firebase/ios/carthage/10.16.0/FirebaseFirestore-13ee20ea4baedb54.zip",
  "10.17.0": "https://dl.google.com/dl/firebase/ios/carthage/10.17.0/FirebaseFirestore-da541c5b854cf63c.zip",
  "10.18.0": "https://dl.google.com/dl/firebase/ios/carthage/10.18.0/FirebaseFirestore-c0e26a80058623cb.zip",
  "10.19.0": "https://dl.google.com/dl/firebase/ios/carthage/10.19.0/FirebaseFirestore-b46da5ea686c3422.zip",
  "10.2.0": "https://dl.google.com/dl/firebase/ios/carthage/10.2.0/FirebaseFirestore-4c3d1568e379a98c.zip",
  "10.20.0": "https://dl.google.com/dl/firebase/ios/carthage/10.20.0/FirebaseFirestore-88b0aaac6fe277fe.zip",
  "10.21.0": "https://dl.google.com/dl/firebase/ios/carthage/10.21.0/FirebaseFirestore-dcf15ce0975bfa3c.zip",
  "10.22.0": "https://dl.google.com/dl/firebase/ios/carthage/10.22.0/FirebaseFirestore-e4570e4863fe2044.zip",
  "10.23.0": "https://dl.google.com/dl/firebase/ios/carthage/10.23.0/FirebaseFirestore-7d1481e62eb86231.zip",
  "10.24.0": "https://dl.google.com/dl/firebase/ios/carthage/10.24.0/FirebaseFirestore-aebec35b37a4feed.zip",
  "10.25.0": "https://dl.google.com/dl/firebase/ios/carthage/10.25.0/FirebaseFirestore-c5fda3ae8ab62345.zip",
  "10.27.0": "https://dl.google.com/dl/firebase/ios/carthage/10.27.0/FirebaseFirestore-bc3c67a3c464cc42.zip",
  "10.28.0": "https://dl.google.com/dl/firebase/ios/carthage/10.28.0/FirebaseFirestore-37c5641f3cc3dabc.zip",
  "10.29.0": "https://dl.google.com/dl/firebase/ios/carthage/10.29.0/FirebaseFirestore-65b8c0f822b6e7f4.zip",
  "10.3.0": "https://dl.google.com/dl/firebase/ios/carthage/10.3.0/FirebaseFirestore-73ba0700b1aa6d6a.zip",
  "10.4.0": "https://dl.google.com/dl/firebase/ios/carthage/10.4.0/FirebaseFirestore-02eb8da05f81fca5.zip",
  "10.5.0": "https://dl.google.com/dl/firebase/ios/carthage/10.5.0/FirebaseFirestore-46fa68ddf287f76e.zip",
  "10.6.0": "https://dl.google.com/dl/firebase/ios/carthage/10.6.0/FirebaseFirestore-9309c3d7d09cec1f.zip",
  "10.7.0": "https://dl.google.com/dl/firebase/ios/carthage/10.7.0/FirebaseFirestore-75a516d0c29e6c05.zip",
  "10.8.0": "https://dl.google.com/dl/firebase/ios/carthage/10.8.0/FirebaseFirestore-020ac095804eeb0a.zip",
  "10.9.0": "https://dl.google.com/dl/firebase/ios/carthage/10.9.0/FirebaseFirestore-9fb513238a7cadf9.zip",
  "11.0.0": "https://dl.google.com/dl/firebase/ios/carthage/11.0.0/FirebaseFirestore-f19512c3374d5feb.zip",
  "11.1.0": "https://dl.google.com/dl/firebase/ios/carthage/11.1.0/FirebaseFirestore-5f76b2878966eea4.zip",
  "11.2.0": "https://dl.google.com/dl/firebase/ios/carthage/11.2.0/FirebaseFirestore-43af85b854ac842e.zip",
  "11.3.0": "https://dl.google.com/dl/firebase/ios/carthage/11.3.0/FirebaseFirestore-e1283f8cd2e0f3ec.zip",
  "11.4.0": "https://dl.google.com/dl/firebase/ios/carthage/11.4.0/FirebaseFirestore-f5864e67ddbbc9e8.zip",
  "11.5.0": "https://dl.google.com/dl/firebase/ios/carthage/11.5.0/FirebaseFirestore-7cf86f9ac9b3545c.zip",
  "4.11.0": "https://dl.google.com/dl/firebase/ios/carthage/4.11.0/Firestore-68fc02c229d0cc69.zip",
  "4.12.0": "https://dl.google.com/dl/firebase/ios/carthage/4.12.0/Firestore-87a804ab561d91db.zip",
  "4.9.0": "https://dl.google.com/dl/firebase/ios/carthage/4.9.0/Firestore-ecb3eea7bde7e8e8.zip",
  "5.0.0": "https://dl.google.com/dl/firebase/ios/carthage/5.0.0/Firestore-46bf54c397b0662b.zip",
  "5.0.1": "https://dl.google.com/dl/firebase/ios/carthage/5.0.1/Firestore-86214885359efb7f.zip",
  "5.1.0": "https://dl.google.com/dl/firebase/ios/carthage/5.1.0/Firestore-c95e5b8b42dbc4b6.zip",
  "5.10.0": "https://dl.google.com/dl/firebase/ios/carthage/5.10.0/Firestore-8d5dc6567de8c9d8.zip",
  "5.11.0": "https://dl.google.com/dl/firebase/ios/carthage/5.11.0/Firestore-34887d1e8782e3d4.zip",
  "5.12.0": "https://dl.google.com/dl/firebase/ios/carthage/5.12.0/Firestore-e0ae4df3ad1e5767.zip",
  "5.13.0": "https://dl.google.com/dl/firebase/ios/carthage/5.13.0/Firestore-14401550c35b30cc.zip",
  "5.13.1": "https://dl.google.com/dl/firebase/ios/carthage/5.13.1/Firestore-5131.zip",
  "5.14.0": "https://dl.google.com/dl/firebase/ios/carthage/5.14.0/Firestore-4bc6b85d370330f7.zip",
  "5.15.0": "https://dl.google.com/dl/firebase/ios/carthage/5.15.0/Firestore-568af03908a3488f.zip",
  "5.16.0": "https://dl.google.com/dl/firebase/ios/carthage/5.16.0/Firestore-0e18efd68131d83a.zip",
  "5.17.0": "https://dl.google.com/dl/firebase/ios/carthage/5.17.0/Firestore-2b4137b27cdef556.zip",
  "5.18.1": "https://dl.google.com/dl/firebase/ios/carthage/5.18.1/Firestore-ac866838adca8fe9.zip",
  "5.18.2": "https://dl.google.com/dl/firebase/ios/carthage/5.18.2/Firestore-51e8c5cb5fad77c6.zip",
  "5.19.0": "https://dl.google.com/dl/firebase/ios/carthage/5.19.0/Firestore-91b052898e76a118.zip",
  "5.2.0": "https://dl.google.com/dl/firebase/ios/carthage/5.2.0/Firestore-287ed5a7a59bdc0c.zip",
  "5.20.0": "https://dl.google.com/dl/firebase/ios/carthage/5.20.0/Firestore-54770fbdcf7106b8.zip",
  "5.20.1": "https://dl.google.com/dl/firebase/ios/carthage/5.20.1/Firestore-dec42ee8d3d8d8d7.zip",
  "5.3.0": "https://dl.google.com/dl/firebase/ios/carthage/5.3.0/Firestore-0f304f51df49f458.zip",
  "5.4.0": "https://dl.google.com/dl/firebase/ios/carthage/5.4.0/Firestore-d7a38cc78422ca26.zip",
  "5.6.0": "https://dl.google.com/dl/firebase/ios/carthage/5.6.0/Firestore-6416de40163f8efa.zip",
  "5.8.0": "https://dl.google.com/dl/firebase/ios/carthage/5.8.0/Firestore-40395ce97bb11b52.zip",
  "6.0.0": "https://dl.google.com/dl/firebase/ios/carthage/6.0.0/Firestore-87a9a0e661723385.zip",
  "6.1.0": "https://dl.google.com/dl/firebase/ios/carthage/6.1.0/Firestore-a983a5ca21cbb03e.zip",
  "6.10.0": "https://dl.google.com/dl/firebase/ios/carthage/6.10.0/Firestore-8df9e79f827ce80f.zip",
  "6.11.0": "https://dl.google.com/dl/firebase/ios/carthage/6.11.0/Firestore-489d308de22d2d85.zip",
  "6.12.0": "https://dl.google.com/dl/firebase/ios/carthage/6.12.0/Firestore-0e9382a8b9be0dba.zip",
  "6.13.0": "https://dl.google.com/dl/firebase/ios/carthage/6.13.0/Firestore-3e59295fb24a8ca0.zip",
  "6.14.0": "https://dl.google.com/dl/firebase/ios/carthage/6.14.0/FirebaseFirestore-a762ef3b4c508a1d.zip",
  "6.15.0": "https://dl.google.com/dl/firebase/ios/carthage/6.15.0/FirebaseFirestore-2698c83db12f54a2.zip",
  "6.16.0": "https://dl.google.com/dl/firebase/ios/carthage/6.16.0/FirebaseFirestore-f1a20d7a3d767181.zip",
  "6.17.0": "https://dl.google.com/dl/firebase/ios/carthage/6.17.0/FirebaseFirestore-ec2a09e55a24d37c.zip",
  "6.18.0": "https://dl.google.com/dl/firebase/ios/carthage/6.18.0/FirebaseFirestore-612063c524d1f51a.zip",
  "6.19.0": "https://dl.google.com/dl/firebase/ios/carthage/6.19.0/FirebaseFirestore-7e8e2fa05c5f7aa3.zip",
  "6.2.0": "https://dl.google.com/dl/firebase/ios/carthage/6.2.0/Firestore-f256286b88bd9500.zip",
  "6.21.0": "https://dl.google.com/dl/firebase/ios/carthage/6.21.0/FirebaseFirestore-fbfc0dd2cf829e56.zip",
  "6.22.0": "https://dl.google.com/dl/firebase/ios/carthage/6.22.0/FirebaseFirestore-f4f2b8e37863bde3.zip",
  "6.23.0": "https://dl.google.com/dl/firebase/ios/carthage/6.23.0/FirebaseFirestore-6380d5432ea528a8.zip",
  "6.24.0": "https://dl.google.com/dl/firebase/ios/carthage/6.24.0/FirebaseFirestore-62364f5f6ecbc376.zip",
  "6.26.0": "https://dl.google.com/dl/firebase/ios/carthage/6.26.0/FirebaseFirestore-c4e04344f7c43482.zip",
  "6.27.0": "https://dl.google.com/dl/firebase/ios/carthage/6.27.0/FirebaseFirestore-66f59c85e6d5930a.zip",
  "6.28.1": "https://dl.google.com/dl/firebase/ios/carthage/6.28.1/FirebaseFirestore-b2bd73dbcb7f2c0f.zip",
  "6.29.0": "https://dl.google.com/dl/firebase/ios/carthage/6.29.0/FirebaseFirestore-8a5d9fdb5b8a2d28.zip",
  "6.3.0": "https://dl.google.com/dl/firebase/ios/carthage/6.3.0/Firestore-7909aeb64910ab41.zip",
  "6.30.0": "https://dl.google.com/dl/firebase/ios/carthage/6.30.0/FirebaseFirestore-ca092412f291fb1e.zip",
  "6.31.0": "https://dl.google.com/dl/firebase/ios/carthage/6.31.0/FirebaseFirestore-223bc879d824548b.zip",
  "6.32.0": "https://dl.google.com/dl/firebase/ios/carthage/6.32.0/FirebaseFirestore-00c3e106ce3109b1.zip",
  "6.33.0": "https://dl.google.com/dl/firebase/ios/carthage/6.33.0/FirebaseFirestore-a312cb2980fdd10e.zip",
  "6.34.0": "https://dl.google.com/dl/firebase/ios/carthage/6.34.0/FirebaseFirestore-2b2e02b727f8b5e3.zip",
  "6.4.0": "https://dl.google.com/dl/firebase/ios/carthage/6.4.0/Firestore-b0e8a995ab26e24d.zip",
  "6.5.0": "https://dl.google.com/dl/firebase/ios/carthage/6.5.0/Firestore-3b44f1e32d7b76a7.zip",
  "6.6.0": "https://dl.google.com/dl/firebase/ios/carthage/6.6.0/Firestore-51cc3efa793b6270.zip",
  "6.7.0": "https://dl.google.com/dl/firebase/ios/carthage/6.7.0/Firestore-fda5bda8a6a113bf.zip",
  "6.8.0": "https://dl.google.com/dl/firebase/ios/carthage/6.8.0/Firestore-e329513a54dd5dc5.zip",
  "6.8.1": "https://dl.google.com/dl/firebase/ios/carthage/6.8.1/Firestore-859789768219d9f0.zip",
  "6.9.0": "https://dl.google.com/dl/firebase/ios/carthage/6.9.0/Firestore-703c49d57bc9baa0.zip",
  "7.0.0": "https://dl.google.com/dl/firebase/ios/carthage/7.0.0/FirebaseFirestore-8bbdf8f644f9d916.zip",
  "7.1.0": "https://dl.google.com/dl/firebase/ios/carthage/7.1.0/FirebaseFirestore-e7c98219cfb672be.zip",
  "7.10.0": "https://dl.google.com/dl/firebase/ios/carthage/7.10.0/FirebaseFirestore-f3ee03f56f942b47.zip",
  "7.11.0": "https://dl.google.com/dl/firebase/ios/carthage/7.11.0/FirebaseFirestore-2d0fae491363617b.zip",
  "7.3.0": "https://dl.google.com/dl/firebase/ios/carthage/7.3.0/FirebaseFirestore-997f08e8858868eb.zip",
  "7.4.0": "https://dl.google.com/dl/firebase/ios/carthage/7.4.0/FirebaseFirestore-a821a63a65e11cf9.zip",
  "7.5.0": "https://dl.google.com/dl/firebase/ios/carthage/7.5.0/FirebaseFirestore-b091240a18b2a168.zip",
  "7.6.0": "https://dl.google.com/dl/firebase/ios/carthage/7.6.0/FirebaseFirestore-f449afca45e45a59.zip",
  "7.7.0": "https://dl.google.com/dl/firebase/ios/carthage/7.7.0/FirebaseFirestore-79abcc00e58832ae.zip",
  "7.8.0": "https://dl.google.com/dl/firebase/ios/carthage/7.8.0/FirebaseFirestore-171c65fcda202ac1.zip",
  "8.0.0": "https://dl.google.com/dl/firebase/ios/carthage/8.0.0/FirebaseFirestore-6c7035fccbea27c0.zip",
  "8.1.0": "https://dl.google.com/dl/firebase/ios/carthage/8.1.0/FirebaseFirestore-aa76704b69f0b962.zip",
  "8.10.0": "https://dl.google.com/dl/firebase/ios/carthage/8.10.0/FirebaseFirestore-9ee005dcf3b9a963.zip",
  "8.11.0": "https://dl.google.com/dl/firebase/ios/carthage/8.11.0/FirebaseFirestore-25583c66882df599.zip",
  "8.12.1": "https://dl.google.com/dl/firebase/ios/carthage/8.12.1/FirebaseFirestore-38621aaff019ca0c.zip",
  "8.13.0": "https://dl.google.com/dl/firebase/ios/carthage/8.13.0/FirebaseFirestore-68b80bf90c1de996.zip",
  "8.14.0": "https://dl.google.com/dl/firebase/ios/carthage/8.14.0/FirebaseFirestore-20bf8fa96486eea2.zip",
  "8.15.0": "https://dl.google.com/dl/firebase/ios/carthage/8.15.0/FirebaseFirestore-2346c3bd6303aab6.zip",
  "8.2.0": "https://dl.google.com/dl/firebase/ios/carthage/8.2.0/FirebaseFirestore-8d9378ce49e470ac.zip",
  "8.3.0": "https://dl.google.com/dl/firebase/ios/carthage/8.3.0/FirebaseFirestore-ec257ddcebca2f7d.zip",
  "8.4.0": "https://dl.google.com/dl/firebase/ios/carthage/8.4.0/FirebaseFirestore-977070a2dd166aae.zip",
  "8.5.0": "https://dl.google.com/dl/firebase/ios/carthage/8.5.0/FirebaseFirestore-a6c7114730540df0.zip",
  "8.6.0": "https://dl.google.com/dl/firebase/ios/carthage/8.6.0/FirebaseFirestore-072e7930c439a3a3.zip",
  "8.7.0": "https://dl.google.com/dl/firebase/ios/carthage/8.7.0/FirebaseFirestore-85543ba8208a6e79.zip",
  "8.8.0": "https://dl.google.com/dl/firebase/ios/carthage/8.8.0/FirebaseFirestore-79a94561b7ddf846.zip",
  "8.9.0": "https://dl.google.com/dl/firebase/ios/carthage/8.9.0/FirebaseFirestore-ae2886d1158b9976.zip",
  "8.9.1": "https://dl.google.com/dl/firebase/ios/carthage/8.9.1/FirebaseFirestore-501f5d995270e072.zip",
  "9.0.0": "https://dl.google.com/dl/firebase/ios/carthage/9.0.0/FirebaseFirestore-4a19778dfdd848bd.zip",
  "9.1.0": "https://dl.google.com/dl/firebase/ios/carthage/9.1.0/FirebaseFirestore-411a9038d6923c84.zip",
  "9.2.0": "https://dl.google.com/dl/firebase/ios/carthage/9.2.0/FirebaseFirestore-a01c805341cccd5b.zip",
  "9.3.0": "https://dl.google.com/dl/firebase/ios/carthage/9.3.0/FirebaseFirestore-215b02f95e646406.zip",
  "9.4.0": "https://dl.google.com/dl/firebase/ios/carthage/9.4.0/FirebaseFirestore-5048fc8d500b8e4b.zip",
  "9.5.0": "https://dl.google.com/dl/firebase/ios/carthage/9.5.0/FirebaseFirestore-689f0864bd209e25.zip",
  "9.6.0": "https://dl.google.com/dl/firebase/ios/carthage/9.6.0/FirebaseFirestore-af28ab960821784c.zip"
}
