{
  "10.0.0": "https://dl.google.com/dl/firebase/ios/carthage/10.0.0/FirebaseFunctions-5e24694e2487d78b.zip",
  "10.1.0": "https://dl.google.com/dl/firebase/ios/carthage/10.1.0/FirebaseFunctions-c01eb0ea942aff82.zip",
  "10.10.0": "https://dl.google.com/dl/firebase/ios/carthage/10.10.0/FirebaseFunctions-4286994831189479.zip",
  "10.11.0": "https://dl.google.com/dl/firebase/ios/carthage/10.11.0/FirebaseFunctions-64c322986f8cc146.zip",
  "10.12.0": "https://dl.google.com/dl/firebase/ios/carthage/10.12.0/FirebaseFunctions-d9dd3ab7b4c96de6.zip",
  "10.13.0": "https://dl.google.com/dl/firebase/ios/carthage/10.13.0/FirebaseFunctions-74bd111c55558204.zip",
  "10.14.0": "https://dl.google.com/dl/firebase/ios/carthage/10.14.0/FirebaseFunctions-0769cf0695356b63.zip",
  "10.15.0": "https://dl.google.com/dl/firebase/ios/carthage/10.15.0/FirebaseFunctions-cd043056648fb382.zip",
  "10.16.0": "https://dl.google.com/dl/firebase/ios/carthage/10.16.0/FirebaseFunctions-45a3e9cd89bba832.zip",
  "10.17.0": "https://dl.google.com/dl/firebase/ios/carthage/10.17.0/FirebaseFunctions-2a3e2dc8d18f710c.zip",
  "10.18.0": "https://dl.google.com/dl/firebase/ios/carthage/10.18.0/FirebaseFunctions-9de21260bf5ac1cd.zip",
  "10.19.0": "https://dl.google.com/dl/firebase/ios/carthage/10.19.0/FirebaseFunctions-8e91f34c0289f5ba.zip",
  "10.2.0": "https://dl.google.com/dl/firebase/ios/carthage/10.2.0/FirebaseFunctions-b949cfeca4e7a80f.zip",
  "10.20.0": "https://dl.google.com/dl/firebase/ios/carthage/10.20.0/FirebaseFunctions-23d6ba97d95db62c.zip",
  "10.21.0": "https://dl.google.com/dl/firebase/ios/carthage/10.21.0/FirebaseFunctions-b77aca8c98dba58d.zip",
  "10.22.0": "https://dl.google.com/dl/firebase/ios/carthage/10.22.0/FirebaseFunctions-d98d21836c2f2130.zip",
  "10.23.0": "https://dl.google.com/dl/firebase/ios/carthage/10.23.0/FirebaseFunctions-30a434d6b70589d3.zip",
  "10.24.0": "https://dl.google.com/dl/firebase/ios/carthage/10.24.0/FirebaseFunctions-56fc811f8293f2ec.zip",
  "10.25.0": "https://dl.google.com/dl/firebase/ios/carthage/10.25.0/FirebaseFunctions-c143cedcb64ae0d6.zip",
  "10.27.0": "https://dl.google.com/dl/firebase/ios/carthage/10.27.0/FirebaseFunctions-89f2ce118be4d7c0.zip",
  "10.28.0": "https://dl.google.com/dl/firebase/ios/carthage/10.28.0/FirebaseFunctions-119db44dbfc036ec.zip",
  "10.29.0": "https://dl.google.com/dl/firebase/ios/carthage/10.29.0/FirebaseFunctions-141adee070c3a8b8.zip",
  "10.3.0": "https://dl.google.com/dl/firebase/ios/carthage/10.3.0/FirebaseFunctions-47189f2c99cdf806.zip",
  "10.4.0": "https://dl.google.com/dl/firebase/ios/carthage/10.4.0/FirebaseFunctions-17c4b760141e38ad.zip",
  "10.5.0": "https://dl.google.com/dl/firebase/ios/carthage/10.5.0/FirebaseFunctions-688a38b567392fcf.zip",
  "10.6.0": "https://dl.google.com/dl/firebase/ios/carthage/10.6.0/FirebaseFunctions-847bd6bbad2cca2e.zip",
  "10.7.0": "https://dl.google.com/dl/firebase/ios/carthage/10.7.0/FirebaseFunctions-964106b4ea1b6863.zip",
  "10.8.0": "https://dl.google.com/dl/firebase/ios/carthage/10.8.0/FirebaseFunctions-c1d474aa3e9f3132.zip",
  "10.9.0": "https://dl.google.com/dl/firebase/ios/carthage/10.9.0/FirebaseFunctions-92bb6b6dfaf293e3.zip",
  "11.0.0": "https://dl.google.com/dl/firebase/ios/carthage/11.0.0/FirebaseFunctions-5249dd848af2df99.zip",
  "11.1.0": "https://dl.google.com/dl/firebase/ios/carthage/11.1.0/FirebaseFunctions-87cffbdd6cbb9512.zip",
  "11.2.0": "https://dl.google.com/dl/firebase/ios/carthage/11.2.0/FirebaseFunctions-307f00117c2efc62.zip",
  "11.3.0": "https://dl.google.com/dl/firebase/ios/carthage/11.3.0/FirebaseFunctions-02693a7583303912.zip",
  "11.4.0": "https://dl.google.com/dl/firebase/ios/carthage/11.4.0/FirebaseFunctions-8fce8623ed1c6b86.zip",
  "11.5.0": "https://dl.google.com/dl/firebase/ios/carthage/11.5.0/FirebaseFunctions-367ecac87d727ede.zip",
  "4.11.0": "https://dl.google.com/dl/firebase/ios/carthage/4.11.0/Functions-f4c426016dd41e38.zip",
  "4.12.0": "https://dl.google.com/dl/firebase/ios/carthage/4.12.0/Functions-c6c44427c3034736.zip",
  "5.0.0": "https://dl.google.com/dl/firebase/ios/carthage/5.0.0/Functions-146f34c401bd459b.zip",
  "5.0.1": "https://dl.google.com/dl/firebase/ios/carthage/5.0.1/Functions-1d7b9c5debd27b70.zip",
  "5.1.0": "https://dl.google.com/dl/firebase/ios/carthage/5.1.0/Functions-9721a9eba4df6c1a.zip",
  "5.10.0": "https://dl.google.com/dl/firebase/ios/carthage/5.10.0/Functions-a8757a00505fb879.zip",
  "5.11.0": "https://dl.google.com/dl/firebase/ios/carthage/5.11.0/Functions-60e5c7633077614c.zip",
  "5.12.0": "https://dl.google.com/dl/firebase/ios/carthage/5.12.0/Functions-9d3e9e274e1f4e28.zip",
  "5.13.0": "https://dl.google.com/dl/firebase/ios/carthage/5.13.0/Functions-644f6cf2b358ee50.zip",
  "5.14.0": "https://dl.google.com/dl/firebase/ios/carthage/5.14.0/Functions-2d84293687fc9751.zip",
  "5.15.0": "https://dl.google.com/dl/firebase/ios/carthage/5.15.0/Functions-6b356ee31e3c83ea.zip",
  "5.16.0": "https://dl.google.com/dl/firebase/ios/carthage/5.16.0/Functions-1f8d58255fe7eddb.zip",
  "5.17.0": "https://dl.google.com/dl/firebase/ios/carthage/5.17.0/Functions-2ba670267ed9d417.zip",
  "5.18.1": "https://dl.google.com/dl/firebase/ios/carthage/5.18.1/Functions-a120ca50b80c8d18.zip",
  "5.18.2": "https://dl.google.com/dl/firebase/ios/carthage/5.18.2/Functions-ba8eb10cbe93fb4c.zip",
  "5.19.0": "https://dl.google.com/dl/firebase/ios/carthage/5.19.0/Functions-56fbb33ae1a99b99.zip",
  "5.2.0": "https://dl.google.com/dl/firebase/ios/carthage/5.2.0/Functions-1d7b9c5debd27b70.zip",
  "5.20.0": "https://dl.google.com/dl/firebase/ios/carthage/5.20.0/Functions-56fbb33ae1a99b99.zip",
  "5.3.0": "https://dl.google.com/dl/firebase/ios/carthage/5.3.0/Functions-d23ce8fa52962cc9.zip",
  "5.4.0": "https://dl.google.com/dl/firebase/ios/carthage/5.4.0/Functions-5b9b070cddd86f04.zip",
  "5.6.0": "https://dl.google.com/dl/firebase/ios/carthage/5.6.0/Functions-7eb18abcda06fd6e.zip",
  "5.8.0": "https://dl.google.com/dl/firebase/ios/carthage/5.8.0/Functions-60e5c7633077614c.zip",
  "6.0.0": "https://dl.google.com/dl/firebase/ios/carthage/6.0.0/Functions-f941d1615a8281e4.zip",
  "6.1.0": "https://dl.google.com/dl/firebase/ios/carthage/6.1.0/Functions-3a694e988b7f5374.zip",
  "6.10.0": "https://dl.google.com/dl/firebase/ios/carthage/6.10.0/Functions-0baf0ca6f46f461f.zip",
  "6.11.0": "https://dl.google.com/dl/firebase/ios/carthage/6.11.0/Functions-36d1ea5b362517ac.zip",
  "6.12.0": "https://dl.google.com/dl/firebase/ios/carthage/6.12.0/Functions-036ef31c19b8c968.zip",
  "6.13.0": "https://dl.google.com/dl/firebase/ios/carthage/6.13.0/Functions-f690e1fe9213001a.zip",
  "6.14.0": "https://dl.google.com/dl/firebase/ios/carthage/6.14.0/FirebaseFunctions-3921a487bb43c25f.zip",
  "6.15.0": "https://dl.google.com/dl/firebase/ios/carthage/6.15.0/FirebaseFunctions-b49b6fa21879380b.zip",
  "6.16.0": "https://dl.google.com/dl/firebase/ios/carthage/6.16.0/FirebaseFunctions-eaf85450330cff63.zip",
  "6.17.0": "https://dl.google.com/dl/firebase/ios/carthage/6.17.0/FirebaseFunctions-df79442b9be1dd90.zip",
  "6.18.0": "https://dl.google.com/dl/firebase/ios/carthage/6.18.0/FirebaseFunctions-666c31c09e0cee9d.zip",
  "6.19.0": "https://dl.google.com/dl/firebase/ios/carthage/6.19.0/FirebaseFunctions-f3ae0ae4947ae274.zip",
  "6.2.0": "https://dl.google.com/dl/firebase/ios/carthage/6.2.0/Functions-0cc32bea368d6372.zip",
  "6.21.0": "https://dl.google.com/dl/firebase/ios/carthage/6.21.0/FirebaseFunctions-8b9c617cc36b3612.zip",
  "6.22.0": "https://dl.google.com/dl/firebase/ios/carthage/6.22.0/FirebaseFunctions-c59e73af2dbafe6b.zip",
  "6.23.0": "https://dl.google.com/dl/firebase/ios/carthage/6.23.0/FirebaseFunctions-bb516df0ac174bb9.zip",
  "6.24.0": "https://dl.google.com/dl/firebase/ios/carthage/6.24.0/FirebaseFunctions-b848166232bed3f1.zip",
  "6.26.0": "https://dl.google.com/dl/firebase/ios/carthage/6.26.0/FirebaseFunctions-20d210896ff076ba.zip",
  "6.27.0": "https://dl.google.com/dl/firebase/ios/carthage/6.27.0/FirebaseFunctions-935f58756bf11343.zip",
  "6.28.1": "https://dl.google.com/dl/firebase/ios/carthage/6.28.1/FirebaseFunctions-788eb97b0ca871cb.zip",
  "6.29.0": "https://dl.google.com/dl/firebase/ios/carthage/6.29.0/FirebaseFunctions-46f79ac187154433.zip",
  "6.3.0": "https://dl.google.com/dl/firebase/ios/carthage/6.3.0/Functions-9bbf1383519958a9.zip",
  "6.30.0": "https://dl.google.com/dl/firebase/ios/carthage/6.30.0/FirebaseFunctions-0be16b26201c736d.zip",
  "6.31.0": "https://dl.google.com/dl/firebase/ios/carthage/6.31.0/FirebaseFunctions-f2b8a71620e7390a.zip",
  "6.32.0": "https://dl.google.com/dl/firebase/ios/carthage/6.32.0/FirebaseFunctions-f585acc1d286860c.zip",
  "6.33.0": "https://dl.google.com/dl/firebase/ios/carthage/6.33.0/FirebaseFunctions-0d2cbb327162662f.zip",
  "6.34.0": "https://dl.google.com/dl/firebase/ios/carthage/6.34.0/FirebaseFunctions-d7ef45a2e9ddb084.zip",
  "6.4.0": "https://dl.google.com/dl/firebase/ios/carthage/6.4.0/Functions-e783124849715ad2.zip",
  "6.5.0": "https://dl.google.com/dl/firebase/ios/carthage/6.5.0/Functions-076516d45e4410e3.zip",
  "6.6.0": "https://dl.google.com/dl/firebase/ios/carthage/6.6.0/Functions-6c3a657672c6882b.zip",
  "6.7.0": "https://dl.google.com/dl/firebase/ios/carthage/6.7.0/Functions-f2d22c9e051860de.zip",
  "6.8.0": "https://dl.google.com/dl/firebase/ios/carthage/6.8.0/Functions-85b4dbf36e211734.zip",
  "6.8.1": "https://dl.google.com/dl/firebase/ios/carthage/6.8.1/Functions-f20c0132a9adfd5f.zip",
  "6.9.0": "https://dl.google.com/dl/firebase/ios/carthage/6.9.0/Functions-6eee9711dfbb7736.zip",
  "7.0.0": "https://dl.google.com/dl/firebase/ios/carthage/7.0.0/FirebaseFunctions-ed49d283f03cad3e.zip",
  "7.1.0": "https://dl.google.com/dl/firebase/ios/carthage/7.1.0/FirebaseFunctions-841ce04cdf93e6ce.zip",
  "7.10.0": "https://dl.google.com/dl/firebase/ios/carthage/7.10.0/FirebaseFunctions-2802794ec2f3d4e7.zip",
  "7.11.0": "https://dl.google.com/dl/firebase/ios/carthage/7.11.0/FirebaseFunctions-bf170e6df20b6ff6.zip",
  "7.3.0": "https://dl.google.com/dl/firebase/ios/carthage/7.3.0/FirebaseFunctions-aa55ea6766f59735.zip",
  "7.4.0": "https://dl.google.com/dl/firebase/ios/carthage/7.4.0/FirebaseFunctions-dce1ce563fea0826.zip",
  "7.5.0": "https://dl.google.com/dl/firebase/ios/carthage/7.5.0/FirebaseFunctions-467b5092ce0270fe.zip",
  "7.6.0": "https://dl.google.com/dl/firebase/ios/carthage/7.6.0/FirebaseFunctions-3d1da3607016b4be.zip",
  "7.7.0": "https://dl.google.com/dl/firebase/ios/carthage/7.7.0/FirebaseFunctions-4130cfda8bc2fbdb.zip",
  "7.8.0": "https://dl.google.com/dl/firebase/ios/carthage/7.8.0/FirebaseFunctions-c41b84f579e98f85.zip",
  "8.0.0": "https://dl.google.com/dl/firebase/ios/carthage/8.0.0/FirebaseFunctions-0a044bc62abb35ee.zip",
  "8.1.0": "https://dl.google.com/dl/firebase/ios/carthage/8.1.0/FirebaseFunctions-73ead2d565c1405f.zip",
  "8.10.0": "https://dl.google.com/dl/firebase/ios/carthage/8.10.0/FirebaseFunctions-f05d9699e73ea766.zip",
  "8.11.0": "https://dl.google.com/dl/firebase/ios/carthage/8.11.0/FirebaseFunctions-d02a4f77fe9ba450.zip",
  "8.12.1": "https://dl.google.com/dl/firebase/ios/carthage/8.12.1/FirebaseFunctions-99b54f6d37e57c54.zip",
  "8.13.0": "https://dl.google.com/dl/firebase/ios/carthage/8.13.0/FirebaseFunctions-8129543658bf214b.zip",
  "8.14.0": "https://dl.google.com/dl/firebase/ios/carthage/8.14.0/FirebaseFunctions-7af9d85e149159aa.zip",
  "8.15.0": "https://dl.google.com/dl/firebase/ios/carthage/8.15.0/FirebaseFunctions-e36ce8803b9e124a.zip",
  "8.2.0": "https://dl.google.com/dl/firebase/ios/carthage/8.2.0/FirebaseFunctions-70202c27d4ebd5a2.zip",
  "8.3.0": "https://dl.google.com/dl/firebase/ios/carthage/8.3.0/FirebaseFunctions-4b7ebdaa0e7a0997.zip",
  "8.4.0": "https://dl.google.com/dl/firebase/ios/carthage/8.4.0/FirebaseFunctions-838013f41ac4788f.zip",
  "8.5.0": "https://dl.google.com/dl/firebase/ios/carthage/8.5.0/FirebaseFunctions-245211dd37291cd9.zip",
  "8.6.0": "https://dl.google.com/dl/firebase/ios/carthage/8.6.0/FirebaseFunctions-7782a35e94f064f6.zip",
  "8.7.0": "https://dl.google.com/dl/firebase/ios/carthage/8.7.0/FirebaseFunctions-34dcb4d0b3dd350b.zip",
  "8.8.0": "https://dl.google.com/dl/firebase/ios/carthage/8.8.0/FirebaseFunctions-295fe20f1d28a9d1.zip",
  "8.9.0": "https://dl.google.com/dl/firebase/ios/carthage/8.9.0/FirebaseFunctions-da7e4229995e5c74.zip",
  "8.9.1": "https://dl.google.com/dl/firebase/ios/carthage/8.9.1/FirebaseFunctions-b480547d887bbc59.zip",
  "9.0.0": "https://dl.google.com/dl/firebase/ios/carthage/9.0.0/FirebaseFunctions-691124c9cf3977f8.zip",
  "9.1.0": "https://dl.google.com/dl/firebase/ios/carthage/9.1.0/FirebaseFunctions-9c6571a1a8062e93.zip",
  "9.2.0": "https://dl.google.com/dl/firebase/ios/carthage/9.2.0/FirebaseFunctions-fbfcb636a11ccd17.zip",
  "9.3.0": "https://dl.google.com/dl/firebase/ios/carthage/9.3.0/FirebaseFunctions-9383624c095aacd2.zip",
  "9.4.0": "https://dl.google.com/dl/firebase/ios/carthage/9.4.0/FirebaseFunctions-0d7fa562f76989a1.zip",
  "9.5.0": "https://dl.google.com/dl/firebase/ios/carthage/9.5.0/FirebaseFunctions-b5fefdb8f5c3083f.zip",
  "9.6.0": "https://dl.google.com/dl/firebase/ios/carthage/9.6.0/FirebaseFunctions-773be3a8c6f309e2.zip"
}
