{
  "10.0.0": "https://dl.google.com/dl/firebase/ios/carthage/10.0.0/FirebaseStorage-691ea7b0344883ca.zip",
  "10.1.0": "https://dl.google.com/dl/firebase/ios/carthage/10.1.0/FirebaseStorage-b53678fed326a955.zip",
  "10.10.0": "https://dl.google.com/dl/firebase/ios/carthage/10.10.0/FirebaseStorage-13cbbbbaccd67201.zip",
  "10.11.0": "https://dl.google.com/dl/firebase/ios/carthage/10.11.0/FirebaseStorage-a88817d4e494631f.zip",
  "10.12.0": "https://dl.google.com/dl/firebase/ios/carthage/10.12.0/FirebaseStorage-b583350171973983.zip",
  "10.13.0": "https://dl.google.com/dl/firebase/ios/carthage/10.13.0/FirebaseStorage-f1b42687ec00052d.zip",
  "10.14.0": "https://dl.google.com/dl/firebase/ios/carthage/10.14.0/FirebaseStorage-de3d3d114fc315d1.zip",
  "10.15.0": "https://dl.google.com/dl/firebase/ios/carthage/10.15.0/FirebaseStorage-d7aca71b098440c6.zip",
  "10.16.0": "https://dl.google.com/dl/firebase/ios/carthage/10.16.0/FirebaseStorage-d960b46a547eef25.zip",
  "10.17.0": "https://dl.google.com/dl/firebase/ios/carthage/10.17.0/FirebaseStorage-84de3e4df69c0124.zip",
  "10.18.0": "https://dl.google.com/dl/firebase/ios/carthage/10.18.0/FirebaseStorage-05669862cf21ca8d.zip",
  "10.19.0": "https://dl.google.com/dl/firebase/ios/carthage/10.19.0/FirebaseStorage-93e56fb9268ffd5f.zip",
  "10.2.0": "https://dl.google.com/dl/firebase/ios/carthage/10.2.0/FirebaseStorage-347e6a3402706596.zip",
  "10.20.0": "https://dl.google.com/dl/firebase/ios/carthage/10.20.0/FirebaseStorage-fac47c17aae220e0.zip",
  "10.21.0": "https://dl.google.com/dl/firebase/ios/carthage/10.21.0/FirebaseStorage-6f3adc4f2b871f04.zip",
  "10.22.0": "https://dl.google.com/dl/firebase/ios/carthage/10.22.0/FirebaseStorage-e3b2849afc9f0f95.zip",
  "10.23.0": "https://dl.google.com/dl/firebase/ios/carthage/10.23.0/FirebaseStorage-251d7827e3fc52e4.zip",
  "10.24.0": "https://dl.google.com/dl/firebase/ios/carthage/10.24.0/FirebaseStorage-f4d55d7d55242a20.zip",
  "10.25.0": "https://dl.google.com/dl/firebase/ios/carthage/10.25.0/FirebaseStorage-472cc5950e16fed9.zip",
  "10.27.0": "https://dl.google.com/dl/firebase/ios/carthage/10.27.0/FirebaseStorage-bc934ea10a13d857.zip",
  "10.28.0": "https://dl.google.com/dl/firebase/ios/carthage/10.28.0/FirebaseStorage-be690a9652c98190.zip",
  "10.29.0": "https://dl.google.com/dl/firebase/ios/carthage/10.29.0/FirebaseStorage-9ddf5ba251e7dced.zip",
  "10.3.0": "https://dl.google.com/dl/firebase/ios/carthage/10.3.0/FirebaseStorage-ac463d14593d10a8.zip",
  "10.4.0": "https://dl.google.com/dl/firebase/ios/carthage/10.4.0/FirebaseStorage-fdf8479115660ce6.zip",
  "10.5.0": "https://dl.google.com/dl/firebase/ios/carthage/10.5.0/FirebaseStorage-04f255ea8c3a7420.zip",
  "10.6.0": "https://dl.google.com/dl/firebase/ios/carthage/10.6.0/FirebaseStorage-b694755bafb60c47.zip",
  "10.7.0": "https://dl.google.com/dl/firebase/ios/carthage/10.7.0/FirebaseStorage-58e9306207602f8d.zip",
  "10.8.0": "https://dl.google.com/dl/firebase/ios/carthage/10.8.0/FirebaseStorage-93b66c8a6ff5483b.zip",
  "10.9.0": "https://dl.google.com/dl/firebase/ios/carthage/10.9.0/FirebaseStorage-98af3136b87c351a.zip",
  "11.0.0": "https://dl.google.com/dl/firebase/ios/carthage/11.0.0/FirebaseStorage-baee7d21e3743cf6.zip",
  "11.1.0": "https://dl.google.com/dl/firebase/ios/carthage/11.1.0/FirebaseStorage-f483c715e48ec023.zip",
  "11.2.0": "https://dl.google.com/dl/firebase/ios/carthage/11.2.0/FirebaseStorage-b9b969b0d1254065.zip",
  "11.3.0": "https://dl.google.com/dl/firebase/ios/carthage/11.3.0/FirebaseStorage-0435eeaa87324cd4.zip",
  "11.4.0": "https://dl.google.com/dl/firebase/ios/carthage/11.4.0/FirebaseStorage-0b7a2306152984a2.zip",
  "11.5.0": "https://dl.google.com/dl/firebase/ios/carthage/11.5.0/FirebaseStorage-a1f0f159f3d7072b.zip",
  "4.11.0": "https://dl.google.com/dl/firebase/ios/carthage/4.11.0/Storage-6b3e77e1a7fdbc61.zip",
  "4.12.0": "https://dl.google.com/dl/firebase/ios/carthage/4.12.0/Storage-4721c35d2b90a569.zip",
  "4.9.0": "https://dl.google.com/dl/firebase/ios/carthage/4.9.0/Storage-821299369b9d0fb2.zip",
  "5.0.0": "https://dl.google.com/dl/firebase/ios/carthage/5.0.0/Storage-9c2dccea1fa3da05.zip",
  "5.0.1": "https://dl.google.com/dl/firebase/ios/carthage/5.0.1/Storage-c92a60822b5920c2.zip",
  "5.1.0": "https://dl.google.com/dl/firebase/ios/carthage/5.1.0/Storage-47c289743f8b650d.zip",
  "5.10.0": "https://dl.google.com/dl/firebase/ios/carthage/5.10.0/Storage-3e1c8d873acdea80.zip",
  "5.11.0": "https://dl.google.com/dl/firebase/ios/carthage/5.11.0/Storage-61acd7b9e61a7221.zip",
  "5.12.0": "https://dl.google.com/dl/firebase/ios/carthage/5.12.0/Storage-ebec2287ef30833e.zip",
  "5.13.0": "https://dl.google.com/dl/firebase/ios/carthage/5.13.0/Storage-6f2b73db9361f2f8.zip",
  "5.14.0": "https://dl.google.com/dl/firebase/ios/carthage/5.14.0/Storage-1c6725719b6aa46c.zip",
  "5.15.0": "https://dl.google.com/dl/firebase/ios/carthage/5.15.0/Storage-6f2b73db9361f2f8.zip",
  "5.16.0": "https://dl.google.com/dl/firebase/ios/carthage/5.16.0/Storage-b0f5232ff42c5863.zip",
  "5.17.0": "https://dl.google.com/dl/firebase/ios/carthage/5.17.0/Storage-bad6786edd430c62.zip",
  "5.18.1": "https://dl.google.com/dl/firebase/ios/carthage/5.18.1/Storage-42d553d3410b808f.zip",
  "5.18.2": "https://dl.google.com/dl/firebase/ios/carthage/5.18.2/Storage-c998518940945e15.zip",
  "5.19.0": "https://dl.google.com/dl/firebase/ios/carthage/5.19.0/Storage-f509e10e8fc47048.zip",
  "5.2.0": "https://dl.google.com/dl/firebase/ios/carthage/5.2.0/Storage-c92a60822b5920c2.zip",
  "5.20.0": "https://dl.google.com/dl/firebase/ios/carthage/5.20.0/Storage-f509e10e8fc47048.zip",
  "5.3.0": "https://dl.google.com/dl/firebase/ios/carthage/5.3.0/Storage-8393772f8c779db8.zip",
  "5.4.0": "https://dl.google.com/dl/firebase/ios/carthage/5.4.0/Storage-000371ef45db473a.zip",
  "5.6.0": "https://dl.google.com/dl/firebase/ios/carthage/5.6.0/Storage-79291d512d77d56f.zip",
  "5.8.0": "https://dl.google.com/dl/firebase/ios/carthage/5.8.0/Storage-61acd7b9e61a7221.zip",
  "6.0.0": "https://dl.google.com/dl/firebase/ios/carthage/6.0.0/Storage-ae82fa7b373426af.zip",
  "6.1.0": "https://dl.google.com/dl/firebase/ios/carthage/6.1.0/Storage-b260b136ae6f7bd7.zip",
  "6.10.0": "https://dl.google.com/dl/firebase/ios/carthage/6.10.0/Storage-25136c2ca4c54b04.zip",
  "6.11.0": "https://dl.google.com/dl/firebase/ios/carthage/6.11.0/Storage-5f880bfd8181d456.zip",
  "6.12.0": "https://dl.google.com/dl/firebase/ios/carthage/6.12.0/Storage-46317fd897d730a7.zip",
  "6.13.0": "https://dl.google.com/dl/firebase/ios/carthage/6.13.0/Storage-57a1cb668de4f5c2.zip",
  "6.14.0": "https://dl.google.com/dl/firebase/ios/carthage/6.14.0/FirebaseStorage-96306ea12c97b83a.zip",
  "6.15.0": "https://dl.google.com/dl/firebase/ios/carthage/6.15.0/FirebaseStorage-aa2be3e666380e0b.zip",
  "6.16.0": "https://dl.google.com/dl/firebase/ios/carthage/6.16.0/FirebaseStorage-eece1493f06a7c0a.zip",
  "6.17.0": "https://dl.google.com/dl/firebase/ios/carthage/6.17.0/FirebaseStorage-d941ced12d87e4b2.zip",
  "6.18.0": "https://dl.google.com/dl/firebase/ios/carthage/6.18.0/FirebaseStorage-ec1c8629bce5f54b.zip",
  "6.19.0": "https://dl.google.com/dl/firebase/ios/carthage/6.19.0/FirebaseStorage-5bb3ec0def6f6902.zip",
  "6.2.0": "https://dl.google.com/dl/firebase/ios/carthage/6.2.0/Storage-a05c8473bbdb2416.zip",
  "6.21.0": "https://dl.google.com/dl/firebase/ios/carthage/6.21.0/FirebaseStorage-249e9c066ab46911.zip",
  "6.22.0": "https://dl.google.com/dl/firebase/ios/carthage/6.22.0/FirebaseStorage-8db3275b34c5bf3f.zip",
  "6.23.0": "https://dl.google.com/dl/firebase/ios/carthage/6.23.0/FirebaseStorage-9b003631cb4bdd7f.zip",
  "6.24.0": "https://dl.google.com/dl/firebase/ios/carthage/6.24.0/FirebaseStorage-727ca0d1c2784ceb.zip",
  "6.26.0": "https://dl.google.com/dl/firebase/ios/carthage/6.26.0/FirebaseStorage-8b3130ac30e74019.zip",
  "6.27.0": "https://dl.google.com/dl/firebase/ios/carthage/6.27.0/FirebaseStorage-20589d88c111610f.zip",
  "6.28.1": "https://dl.google.com/dl/firebase/ios/carthage/6.28.1/FirebaseStorage-085f7e3424bb27ef.zip",
  "6.29.0": "https://dl.google.com/dl/firebase/ios/carthage/6.29.0/FirebaseStorage-7dc26dec817aedc7.zip",
  "6.3.0": "https://dl.google.com/dl/firebase/ios/carthage/6.3.0/Storage-21f2dd06c53f3eef.zip",
  "6.30.0": "https://dl.google.com/dl/firebase/ios/carthage/6.30.0/FirebaseStorage-1d4e5a15925a252a.zip",
  "6.31.0": "https://dl.google.com/dl/firebase/ios/carthage/6.31.0/FirebaseStorage-1e83641f554b1db6.zip",
  "6.32.0": "https://dl.google.com/dl/firebase/ios/carthage/6.32.0/FirebaseStorage-6236f734b8a94b2d.zip",
  "6.33.0": "https://dl.google.com/dl/firebase/ios/carthage/6.33.0/FirebaseStorage-b23eb97bd334606f.zip",
  "6.34.0": "https://dl.google.com/dl/firebase/ios/carthage/6.34.0/FirebaseStorage-428b9c8c23cea859.zip",
  "6.4.0": "https://dl.google.com/dl/firebase/ios/carthage/6.4.0/Storage-bd75f38ad7fdb418.zip",
  "6.5.0": "https://dl.google.com/dl/firebase/ios/carthage/6.5.0/Storage-70dd00e6b938ea12.zip",
  "6.6.0": "https://dl.google.com/dl/firebase/ios/carthage/6.6.0/Storage-43835196dbf239fb.zip",
  "6.7.0": "https://dl.google.com/dl/firebase/ios/carthage/6.7.0/Storage-5c26becf29fd973c.zip",
  "6.8.0": "https://dl.google.com/dl/firebase/ios/carthage/6.8.0/Storage-a5e1f7aec186f9a8.zip",
  "6.8.1": "https://dl.google.com/dl/firebase/ios/carthage/6.8.1/Storage-73eea0ecda33e371.zip",
  "6.9.0": "https://dl.google.com/dl/firebase/ios/carthage/6.9.0/Storage-5f764ed00ef28bc5.zip",
  "7.0.0": "https://dl.google.com/dl/firebase/ios/carthage/7.0.0/FirebaseStorage-ea15e0f50128942a.zip",
  "7.1.0": "https://dl.google.com/dl/firebase/ios/carthage/7.1.0/FirebaseStorage-a55ab12dede48ee4.zip",
  "7.10.0": "https://dl.google.com/dl/firebase/ios/carthage/7.10.0/FirebaseStorage-2f6f22e2c9d1204f.zip",
  "7.11.0": "https://dl.google.com/dl/firebase/ios/carthage/7.11.0/FirebaseStorage-ac8838f87f29c48d.zip",
  "7.3.0": "https://dl.google.com/dl/firebase/ios/carthage/7.3.0/FirebaseStorage-d95d0ccc1adb4be7.zip",
  "7.4.0": "https://dl.google.com/dl/firebase/ios/carthage/7.4.0/FirebaseStorage-11f55b9894aa5fdc.zip",
  "7.5.0": "https://dl.google.com/dl/firebase/ios/carthage/7.5.0/FirebaseStorage-ef46729ad6576351.zip",
  "7.6.0": "https://dl.google.com/dl/firebase/ios/carthage/7.6.0/FirebaseStorage-edab02bc99437b4c.zip",
  "7.7.0": "https://dl.google.com/dl/firebase/ios/carthage/7.7.0/FirebaseStorage-f29ababab558a52d.zip",
  "7.8.0": "https://dl.google.com/dl/firebase/ios/carthage/7.8.0/FirebaseStorage-cde6030474b7a1fd.zip",
  "8.0.0": "https://dl.google.com/dl/firebase/ios/carthage/8.0.0/FirebaseStorage-77cf411dfc43ee13.zip",
  "8.1.0": "https://dl.google.com/dl/firebase/ios/carthage/8.1.0/FirebaseStorage-469ad433ccdad8c1.zip",
  "8.10.0": "https://dl.google.com/dl/firebase/ios/carthage/8.10.0/FirebaseStorage-47403096c351d9df.zip",
  "8.11.0": "https://dl.google.com/dl/firebase/ios/carthage/8.11.0/FirebaseStorage-d6def4f364695628.zip",
  "8.12.1": "https://dl.google.com/dl/firebase/ios/carthage/8.12.1/FirebaseStorage-b85e1daa57a21f89.zip",
  "8.13.0": "https://dl.google.com/dl/firebase/ios/carthage/8.13.0/FirebaseStorage-058af62c181ab5e7.zip",
  "8.14.0": "https://dl.google.com/dl/firebase/ios/carthage/8.14.0/FirebaseStorage-62227d20a0fb7c1b.zip",
  "8.15.0": "https://dl.google.com/dl/firebase/ios/carthage/8.15.0/FirebaseStorage-39defa22680d97a2.zip",
  "8.2.0": "https://dl.google.com/dl/firebase/ios/carthage/8.2.0/FirebaseStorage-4fa6f4e977353121.zip",
  "8.3.0": "https://dl.google.com/dl/firebase/ios/carthage/8.3.0/FirebaseStorage-1212fc2b375630fb.zip",
  "8.4.0": "https://dl.google.com/dl/firebase/ios/carthage/8.4.0/FirebaseStorage-5a1b292bb333a7a8.zip",
  "8.5.0": "https://dl.google.com/dl/firebase/ios/carthage/8.5.0/FirebaseStorage-ffc06ceba85d3942.zip",
  "8.6.0": "https://dl.google.com/dl/firebase/ios/carthage/8.6.0/FirebaseStorage-1d742bc3c984732d.zip",
  "8.7.0": "https://dl.google.com/dl/firebase/ios/carthage/8.7.0/FirebaseStorage-62246a7f5ec65994.zip",
  "8.8.0": "https://dl.google.com/dl/firebase/ios/carthage/8.8.0/FirebaseStorage-5979f7836aa73879.zip",
  "8.9.0": "https://dl.google.com/dl/firebase/ios/carthage/8.9.0/FirebaseStorage-fce21e82a22c7ed1.zip",
  "8.9.1": "https://dl.google.com/dl/firebase/ios/carthage/8.9.1/FirebaseStorage-0e9d3086f3ff0f99.zip",
  "9.0.0": "https://dl.google.com/dl/firebase/ios/carthage/9.0.0/FirebaseStorage-ea5c39ff5fd2cc2e.zip",
  "9.1.0": "https://dl.google.com/dl/firebase/ios/carthage/9.1.0/FirebaseStorage-e516b9ebaaa843b2.zip",
  "9.2.0": "https://dl.google.com/dl/firebase/ios/carthage/9.2.0/FirebaseStorage-cf273afa2e21004b.zip",
  "9.3.0": "https://dl.google.com/dl/firebase/ios/carthage/9.3.0/FirebaseStorage-45ad775a6461c00b.zip",
  "9.4.0": "https://dl.google.com/dl/firebase/ios/carthage/9.4.0/FirebaseStorage-b736505e6e528412.zip",
  "9.5.0": "https://dl.google.com/dl/firebase/ios/carthage/9.5.0/FirebaseStorage-ef5940a1ac611183.zip",
  "9.6.0": "https://dl.google.com/dl/firebase/ios/carthage/9.6.0/FirebaseStorage-859187a6558884b0.zip"
}
