{
  "10.0.0": "https://dl.google.com/dl/firebase/ios/carthage/10.0.0/GoogleSignIn-52ebdb62b0759928.zip",
  "10.1.0": "https://dl.google.com/dl/firebase/ios/carthage/10.1.0/GoogleSignIn-a25c47bfeba32c5f.zip",
  "10.10.0": "https://dl.google.com/dl/firebase/ios/carthage/10.10.0/GoogleSignIn-196084297b5a61f9.zip",
  "10.11.0": "https://dl.google.com/dl/firebase/ios/carthage/10.11.0/GoogleSignIn-5e940efe7811d50a.zip",
  "10.12.0": "https://dl.google.com/dl/firebase/ios/carthage/10.12.0/GoogleSignIn-6a2f91e57a0ab24f.zip",
  "10.13.0": "https://dl.google.com/dl/firebase/ios/carthage/10.13.0/GoogleSignIn-85e2094920f625be.zip",
  "10.14.0": "https://dl.google.com/dl/firebase/ios/carthage/10.14.0/GoogleSignIn-3937ec4a4ffa8274.zip",
  "10.15.0": "https://dl.google.com/dl/firebase/ios/carthage/10.15.0/GoogleSignIn-1fa5e1471c635cc2.zip",
  "10.16.0": "https://dl.google.com/dl/firebase/ios/carthage/10.16.0/GoogleSignIn-fc27f2bcfc77abf7.zip",
  "10.17.0": "https://dl.google.com/dl/firebase/ios/carthage/10.17.0/GoogleSignIn-c4b45f53f5b9dcac.zip",
  "10.18.0": "https://dl.google.com/dl/firebase/ios/carthage/10.18.0/GoogleSignIn-e1d7f1f5e02bdb80.zip",
  "10.19.0": "https://dl.google.com/dl/firebase/ios/carthage/10.19.0/GoogleSignIn-7d252d83bad9f2b6.zip",
  "10.2.0": "https://dl.google.com/dl/firebase/ios/carthage/10.2.0/GoogleSignIn-c887dbc6bd07c787.zip",
  "10.20.0": "https://dl.google.com/dl/firebase/ios/carthage/10.20.0/GoogleSignIn-e55954e1a3ca9ee8.zip",
  "10.21.0": "https://dl.google.com/dl/firebase/ios/carthage/10.21.0/GoogleSignIn-82fc8f5e20a9345b.zip",
  "10.22.0": "https://dl.google.com/dl/firebase/ios/carthage/10.22.0/GoogleSignIn-a16b78c06ef8f77c.zip",
  "10.23.0": "https://dl.google.com/dl/firebase/ios/carthage/10.23.0/GoogleSignIn-fa5daf30aae63bc6.zip",
  "10.24.0": "https://dl.google.com/dl/firebase/ios/carthage/10.24.0/GoogleSignIn-03314eec1dbb9708.zip",
  "10.25.0": "https://dl.google.com/dl/firebase/ios/carthage/10.25.0/GoogleSignIn-fb2542a2c86f843a.zip",
  "10.27.0": "https://dl.google.com/dl/firebase/ios/carthage/10.27.0/GoogleSignIn-3e022a3cbea42c13.zip",
  "10.28.0": "https://dl.google.com/dl/firebase/ios/carthage/10.28.0/GoogleSignIn-35b57118942c81f6.zip",
  "10.29.0": "https://dl.google.com/dl/firebase/ios/carthage/10.29.0/GoogleSignIn-59ea2c936c9a28d3.zip",
  "10.3.0": "https://dl.google.com/dl/firebase/ios/carthage/10.3.0/GoogleSignIn-a5b49807be66100b.zip",
  "10.4.0": "https://dl.google.com/dl/firebase/ios/carthage/10.4.0/GoogleSignIn-0d2e746eb3ff9f92.zip",
  "10.5.0": "https://dl.google.com/dl/firebase/ios/carthage/10.5.0/GoogleSignIn-5cb2a2f1f74efd5e.zip",
  "10.6.0": "https://dl.google.com/dl/firebase/ios/carthage/10.6.0/GoogleSignIn-c2efebac5872431a.zip",
  "10.7.0": "https://dl.google.com/dl/firebase/ios/carthage/10.7.0/GoogleSignIn-d6619177d04c0be8.zip",
  "10.8.0": "https://dl.google.com/dl/firebase/ios/carthage/10.8.0/GoogleSignIn-23b48d262d978cc3.zip",
  "10.9.0": "https://dl.google.com/dl/firebase/ios/carthage/10.9.0/GoogleSignIn-633815a56a62ad0f.zip",
  "11.0.0": "https://dl.google.com/dl/firebase/ios/carthage/11.0.0/GoogleSignIn-3287d323d4a251ea.zip",
  "11.1.0": "https://dl.google.com/dl/firebase/ios/carthage/11.1.0/GoogleSignIn-dabfaced725377c4.zip",
  "11.2.0": "https://dl.google.com/dl/firebase/ios/carthage/11.2.0/GoogleSignIn-4e8837ef9594b57b.zip",
  "11.3.0": "https://dl.google.com/dl/firebase/ios/carthage/11.3.0/GoogleSignIn-8ce1c31ca2236212.zip",
  "11.4.0": "https://dl.google.com/dl/firebase/ios/carthage/11.4.0/GoogleSignIn-59eb371d148a2e3a.zip",
  "11.5.0": "https://dl.google.com/dl/firebase/ios/carthage/11.5.0/GoogleSignIn-f7dcc2bce87fcb30.zip",
  "6.0.0": "https://dl.google.com/dl/firebase/ios/carthage/6.0.0/GoogleSignIn-de9c5d5e8eb6d6ea.zip",
  "6.1.0": "https://dl.google.com/dl/firebase/ios/carthage/6.1.0/GoogleSignIn-8c82f2870573a793.zip",
  "6.10.0": "https://dl.google.com/dl/firebase/ios/carthage/6.10.0/GoogleSignIn-ff3aef61c4a55b05.zip",
  "6.11.0": "https://dl.google.com/dl/firebase/ios/carthage/6.11.0/GoogleSignIn-1cf9d336e49ee1a2.zip",
  "6.12.0": "https://dl.google.com/dl/firebase/ios/carthage/6.12.0/GoogleSignIn-602e9a7aec39a844.zip",
  "6.13.0": "https://dl.google.com/dl/firebase/ios/carthage/6.13.0/GoogleSignIn-c4f2453d910d505a.zip",
  "6.14.0": "https://dl.google.com/dl/firebase/ios/carthage/6.14.0/GoogleSignIn-1964ed1e3287035c.zip",
  "6.15.0": "https://dl.google.com/dl/firebase/ios/carthage/6.15.0/GoogleSignIn-de41be56ed0e1ec0.zip",
  "6.16.0": "https://dl.google.com/dl/firebase/ios/carthage/6.16.0/GoogleSignIn-288cda14e4713710.zip",
  "6.17.0": "https://dl.google.com/dl/firebase/ios/carthage/6.17.0/GoogleSignIn-852f161b69e091b8.zip",
  "6.18.0": "https://dl.google.com/dl/firebase/ios/carthage/6.18.0/GoogleSignIn-da53e11a268b205c.zip",
  "6.19.0": "https://dl.google.com/dl/firebase/ios/carthage/6.19.0/GoogleSignIn-7cfbc00cd5a587d8.zip",
  "6.2.0": "https://dl.google.com/dl/firebase/ios/carthage/6.2.0/GoogleSignIn-f18e84953dc4241e.zip",
  "6.21.0": "https://dl.google.com/dl/firebase/ios/carthage/6.21.0/GoogleSignIn-159a38e042ca7263.zip",
  "6.22.0": "https://dl.google.com/dl/firebase/ios/carthage/6.22.0/GoogleSignIn-e5eb3e368aa56215.zip",
  "6.23.0": "https://dl.google.com/dl/firebase/ios/carthage/6.23.0/GoogleSignIn-2ac4b824cfb03d8e.zip",
  "6.24.0": "https://dl.google.com/dl/firebase/ios/carthage/6.24.0/GoogleSignIn-81e6052e87628170.zip",
  "6.26.0": "https://dl.google.com/dl/firebase/ios/carthage/6.26.0/GoogleSignIn-5c00ee4bf91e552f.zip",
  "6.27.0": "https://dl.google.com/dl/firebase/ios/carthage/6.27.0/GoogleSignIn-6013babe26b746ab.zip",
  "6.28.1": "https://dl.google.com/dl/firebase/ios/carthage/6.28.1/GoogleSignIn-09cbbcaadf34a714.zip",
  "6.29.0": "https://dl.google.com/dl/firebase/ios/carthage/6.29.0/GoogleSignIn-5686fc3c85cd1116.zip",
  "6.3.0": "https://dl.google.com/dl/firebase/ios/carthage/6.3.0/GoogleSignIn-cf16d521db32b06c.zip",
  "6.30.0": "https://dl.google.com/dl/firebase/ios/carthage/6.30.0/GoogleSignIn-aabe08a7813e9611.zip",
  "6.31.0": "https://dl.google.com/dl/firebase/ios/carthage/6.31.0/GoogleSignIn-7641694067b0b181.zip",
  "6.32.0": "https://dl.google.com/dl/firebase/ios/carthage/6.32.0/GoogleSignIn-3aee7882f5107433.zip",
  "6.33.0": "https://dl.google.com/dl/firebase/ios/carthage/6.33.0/GoogleSignIn-309f7173e2c51d15.zip",
  "6.34.0": "https://dl.google.com/dl/firebase/ios/carthage/6.34.0/GoogleSignIn-fe84191997e175d4.zip",
  "6.4.0": "https://dl.google.com/dl/firebase/ios/carthage/6.4.0/GoogleSignIn-ce52542884983652.zip",
  "6.5.0": "https://dl.google.com/dl/firebase/ios/carthage/6.5.0/GoogleSignIn-24aca4368404926f.zip",
  "6.6.0": "https://dl.google.com/dl/firebase/ios/carthage/6.6.0/GoogleSignIn-31f5a0593d8aff38.zip",
  "6.7.0": "https://dl.google.com/dl/firebase/ios/carthage/6.7.0/GoogleSignIn-1b4572bfc8de49fd.zip",
  "6.8.0": "https://dl.google.com/dl/firebase/ios/carthage/6.8.0/GoogleSignIn-1e0986f81d9b35da.zip",
  "6.8.1": "https://dl.google.com/dl/firebase/ios/carthage/6.8.1/GoogleSignIn-6cd21f2750a710aa.zip",
  "6.9.0": "https://dl.google.com/dl/firebase/ios/carthage/6.9.0/GoogleSignIn-7c21935a192f5c74.zip",
  "7.0.0": "https://dl.google.com/dl/firebase/ios/carthage/7.0.0/GoogleSignIn-e256d1a10681f620.zip",
  "7.1.0": "https://dl.google.com/dl/firebase/ios/carthage/7.1.0/GoogleSignIn-33907db149de6bc0.zip",
  "7.10.0": "https://dl.google.com/dl/firebase/ios/carthage/7.10.0/GoogleSignIn-5eb2dbc7e6d57f6c.zip",
  "7.11.0": "https://dl.google.com/dl/firebase/ios/carthage/7.11.0/GoogleSignIn-c17c7b6d4d4df2f2.zip",
  "7.3.0": "https://dl.google.com/dl/firebase/ios/carthage/7.3.0/GoogleSignIn-5add42b469732754.zip",
  "7.4.0": "https://dl.google.com/dl/firebase/ios/carthage/7.4.0/GoogleSignIn-cc01bf0dd89f665e.zip",
  "7.5.0": "https://dl.google.com/dl/firebase/ios/carthage/7.5.0/GoogleSignIn-1636a9ad3669f722.zip",
  "7.6.0": "https://dl.google.com/dl/firebase/ios/carthage/7.6.0/GoogleSignIn-78819bde13bd6479.zip",
  "7.7.0": "https://dl.google.com/dl/firebase/ios/carthage/7.7.0/GoogleSignIn-d5dff491eaf67a7e.zip",
  "7.8.0": "https://dl.google.com/dl/firebase/ios/carthage/7.8.0/GoogleSignIn-209f7fcaf46ef01c.zip",
  "8.0.0": "https://dl.google.com/dl/firebase/ios/carthage/8.0.0/GoogleSignIn-83c079298ea5200b.zip",
  "8.1.0": "https://dl.google.com/dl/firebase/ios/carthage/8.1.0/GoogleSignIn-db590326d9b39da8.zip",
  "8.10.0": "https://dl.google.com/dl/firebase/ios/carthage/8.10.0/GoogleSignIn-ee12abbc37c3d5dc.zip",
  "8.11.0": "https://dl.google.com/dl/firebase/ios/carthage/8.11.0/GoogleSignIn-ebcedb832ce29dca.zip",
  "8.12.1": "https://dl.google.com/dl/firebase/ios/carthage/8.12.1/GoogleSignIn-8719a8b820fd4833.zip",
  "8.13.0": "https://dl.google.com/dl/firebase/ios/carthage/8.13.0/GoogleSignIn-2dead5f83f9a4cdb.zip",
  "8.14.0": "https://dl.google.com/dl/firebase/ios/carthage/8.14.0/GoogleSignIn-ecc9e8b84105901d.zip",
  "8.15.0": "https://dl.google.com/dl/firebase/ios/carthage/8.15.0/GoogleSignIn-de7e9900608dbbd8.zip",
  "8.2.0": "https://dl.google.com/dl/firebase/ios/carthage/8.2.0/GoogleSignIn-33f2e0d85631f6b9.zip",
  "8.3.0": "https://dl.google.com/dl/firebase/ios/carthage/8.3.0/GoogleSignIn-393e7af4e229e915.zip",
  "8.4.0": "https://dl.google.com/dl/firebase/ios/carthage/8.4.0/GoogleSignIn-17154373e78e1294.zip",
  "8.5.0": "https://dl.google.com/dl/firebase/ios/carthage/8.5.0/GoogleSignIn-d73dafc7cc342c70.zip",
  "8.6.0": "https://dl.google.com/dl/firebase/ios/carthage/8.6.0/GoogleSignIn-9ca69bdc359510ac.zip",
  "8.7.0": "https://dl.google.com/dl/firebase/ios/carthage/8.7.0/GoogleSignIn-3b5a89bac2a74a45.zip",
  "8.8.0": "https://dl.google.com/dl/firebase/ios/carthage/8.8.0/GoogleSignIn-6c5eea802b37b994.zip",
  "8.9.0": "https://dl.google.com/dl/firebase/ios/carthage/8.9.0/GoogleSignIn-9afc2bc065c9ddfb.zip",
  "8.9.1": "https://dl.google.com/dl/firebase/ios/carthage/8.9.1/GoogleSignIn-5350c541954e07f9.zip",
  "9.0.0": "https://dl.google.com/dl/firebase/ios/carthage/9.0.0/GoogleSignIn-9046a001d8440798.zip",
  "9.1.0": "https://dl.google.com/dl/firebase/ios/carthage/9.1.0/GoogleSignIn-c02dcd2ac6668305.zip",
  "9.2.0": "https://dl.google.com/dl/firebase/ios/carthage/9.2.0/GoogleSignIn-a048059d51c1c1b7.zip",
  "9.3.0": "https://dl.google.com/dl/firebase/ios/carthage/9.3.0/GoogleSignIn-4840fe471067883c.zip",
  "9.4.0": "https://dl.google.com/dl/firebase/ios/carthage/9.4.0/GoogleSignIn-ada1999118b8017e.zip",
  "9.5.0": "https://dl.google.com/dl/firebase/ios/carthage/9.5.0/GoogleSignIn-69bcb7fd33486106.zip",
  "9.6.0": "https://dl.google.com/dl/firebase/ios/carthage/9.6.0/GoogleSignIn-9cf9be60e852be2a.zip"
}
