{
  "10.0.0": "https://dl.google.com/dl/firebase/ios/carthage/10.0.0/FirebaseInAppMessaging-cdf310c038b162ba.zip",
  "10.1.0": "https://dl.google.com/dl/firebase/ios/carthage/10.1.0/FirebaseInAppMessaging-e27fb2a1620a8623.zip",
  "10.10.0": "https://dl.google.com/dl/firebase/ios/carthage/10.10.0/FirebaseInAppMessaging-4d023471298d5ac0.zip",
  "10.11.0": "https://dl.google.com/dl/firebase/ios/carthage/10.11.0/FirebaseInAppMessaging-b83de7d0d43cf13c.zip",
  "10.12.0": "https://dl.google.com/dl/firebase/ios/carthage/10.12.0/FirebaseInAppMessaging-26999a9a7b7437b9.zip",
  "10.13.0": "https://dl.google.com/dl/firebase/ios/carthage/10.13.0/FirebaseInAppMessaging-b2a1934dc86ba446.zip",
  "10.14.0": "https://dl.google.com/dl/firebase/ios/carthage/10.14.0/FirebaseInAppMessaging-d5d5537f3d1f8a3c.zip",
  "10.15.0": "https://dl.google.com/dl/firebase/ios/carthage/10.15.0/FirebaseInAppMessaging-7586d875c68e681e.zip",
  "10.16.0": "https://dl.google.com/dl/firebase/ios/carthage/10.16.0/FirebaseInAppMessaging-d96f33048696aab5.zip",
  "10.17.0": "https://dl.google.com/dl/firebase/ios/carthage/10.17.0/FirebaseInAppMessaging-e5cd88e50540c195.zip",
  "10.18.0": "https://dl.google.com/dl/firebase/ios/carthage/10.18.0/FirebaseInAppMessaging-0729150e08035b53.zip",
  "10.19.0": "https://dl.google.com/dl/firebase/ios/carthage/10.19.0/FirebaseInAppMessaging-ab8486f9415476ca.zip",
  "10.2.0": "https://dl.google.com/dl/firebase/ios/carthage/10.2.0/FirebaseInAppMessaging-f29d7b7839cda915.zip",
  "10.20.0": "https://dl.google.com/dl/firebase/ios/carthage/10.20.0/FirebaseInAppMessaging-c6a82f2dccc9a092.zip",
  "10.21.0": "https://dl.google.com/dl/firebase/ios/carthage/10.21.0/FirebaseInAppMessaging-940786963f9ac384.zip",
  "10.22.0": "https://dl.google.com/dl/firebase/ios/carthage/10.22.0/FirebaseInAppMessaging-fbb53083384bea1e.zip",
  "10.23.0": "https://dl.google.com/dl/firebase/ios/carthage/10.23.0/FirebaseInAppMessaging-0a6028f71dc4dad9.zip",
  "10.24.0": "https://dl.google.com/dl/firebase/ios/carthage/10.24.0/FirebaseInAppMessaging-29ae2009ef1950b2.zip",
  "10.25.0": "https://dl.google.com/dl/firebase/ios/carthage/10.25.0/FirebaseInAppMessaging-b90e8ce0168460cd.zip",
  "10.27.0": "https://dl.google.com/dl/firebase/ios/carthage/10.27.0/FirebaseInAppMessaging-ded8d27be0804e67.zip",
  "10.28.0": "https://dl.google.com/dl/firebase/ios/carthage/10.28.0/FirebaseInAppMessaging-1481f107672b9d18.zip",
  "10.29.0": "https://dl.google.com/dl/firebase/ios/carthage/10.29.0/FirebaseInAppMessaging-0c8beb938f99e551.zip",
  "10.3.0": "https://dl.google.com/dl/firebase/ios/carthage/10.3.0/FirebaseInAppMessaging-91e5426eade46bca.zip",
  "10.4.0": "https://dl.google.com/dl/firebase/ios/carthage/10.4.0/FirebaseInAppMessaging-10801bd111df59de.zip",
  "10.5.0": "https://dl.google.com/dl/firebase/ios/carthage/10.5.0/FirebaseInAppMessaging-91d4dd9878a06b7e.zip",
  "10.6.0": "https://dl.google.com/dl/firebase/ios/carthage/10.6.0/FirebaseInAppMessaging-7a86b20a5c45d210.zip",
  "10.7.0": "https://dl.google.com/dl/firebase/ios/carthage/10.7.0/FirebaseInAppMessaging-efd56ccd27a263b7.zip",
  "10.8.0": "https://dl.google.com/dl/firebase/ios/carthage/10.8.0/FirebaseInAppMessaging-368eb6ae0f05e198.zip",
  "10.9.0": "https://dl.google.com/dl/firebase/ios/carthage/10.9.0/FirebaseInAppMessaging-dcbb85b38f4032d1.zip",
  "11.0.0": "https://dl.google.com/dl/firebase/ios/carthage/11.0.0/FirebaseInAppMessaging-076c8e5a966eb715.zip",
  "11.1.0": "https://dl.google.com/dl/firebase/ios/carthage/11.1.0/FirebaseInAppMessaging-7aa1595a55b0f2bd.zip",
  "11.2.0": "https://dl.google.com/dl/firebase/ios/carthage/11.2.0/FirebaseInAppMessaging-6fae0a778e9d3efa.zip",
  "11.3.0": "https://dl.google.com/dl/firebase/ios/carthage/11.3.0/FirebaseInAppMessaging-3a1a331c86520356.zip",
  "11.4.0": "https://dl.google.com/dl/firebase/ios/carthage/11.4.0/FirebaseInAppMessaging-a8054099dd2918b3.zip",
  "11.5.0": "https://dl.google.com/dl/firebase/ios/carthage/11.5.0/FirebaseInAppMessaging-1264f987e42294c5.zip",
  "5.10.0": "https://dl.google.com/dl/firebase/ios/carthage/5.10.0/InAppMessaging-a7a3f933362f6e95.zip",
  "5.11.0": "https://dl.google.com/dl/firebase/ios/carthage/5.11.0/InAppMessaging-fa28ce1b88fbca93.zip",
  "5.12.0": "https://dl.google.com/dl/firebase/ios/carthage/5.12.0/InAppMessaging-fa28ce1b88fbca93.zip",
  "5.13.0": "https://dl.google.com/dl/firebase/ios/carthage/5.13.0/InAppMessaging-fa28ce1b88fbca93.zip",
  "5.14.0": "https://dl.google.com/dl/firebase/ios/carthage/5.14.0/InAppMessaging-fa28ce1b88fbca93.zip",
  "5.15.0": "https://dl.google.com/dl/firebase/ios/carthage/5.15.0/InAppMessaging-fa28ce1b88fbca93.zip",
  "5.16.0": "https://dl.google.com/dl/firebase/ios/carthage/5.16.0/InAppMessaging-fa28ce1b88fbca93.zip",
  "5.17.0": "https://dl.google.com/dl/firebase/ios/carthage/5.17.0/InAppMessaging-b3d67cd0c0eca84e.zip",
  "5.18.1": "https://dl.google.com/dl/firebase/ios/carthage/5.18.1/InAppMessaging-f89e5308e6a5e0f4.zip",
  "5.18.2": "https://dl.google.com/dl/firebase/ios/carthage/5.18.2/InAppMessaging-28c4b86a3093845a.zip",
  "5.19.0": "https://dl.google.com/dl/firebase/ios/carthage/5.19.0/InAppMessaging-04ee8f8a743be3e6.zip",
  "5.20.0": "https://dl.google.com/dl/firebase/ios/carthage/5.20.0/InAppMessaging-04ee8f8a743be3e6.zip",
  "6.0.0": "https://dl.google.com/dl/firebase/ios/carthage/6.0.0/InAppMessaging-a2a654de15ad0bb9.zip",
  "6.1.0": "https://dl.google.com/dl/firebase/ios/carthage/6.1.0/InAppMessaging-f0d38021b8f9a25c.zip",
  "6.10.0": "https://dl.google.com/dl/firebase/ios/carthage/6.10.0/InAppMessaging-6f3ecd6cf58d66eb.zip",
  "6.11.0": "https://dl.google.com/dl/firebase/ios/carthage/6.11.0/InAppMessaging-f3201e618db08d8b.zip",
  "6.12.0": "https://dl.google.com/dl/firebase/ios/carthage/6.12.0/InAppMessaging-7394c81656676580.zip",
  "6.13.0": "https://dl.google.com/dl/firebase/ios/carthage/6.13.0/InAppMessaging-c729522bbd9ae622.zip",
  "6.14.0": "https://dl.google.com/dl/firebase/ios/carthage/6.14.0/FirebaseInAppMessaging-64a5f15b85fed8ef.zip",
  "6.15.0": "https://dl.google.com/dl/firebase/ios/carthage/6.15.0/FirebaseInAppMessaging-69e2eab5036f4cc4.zip",
  "6.16.0": "https://dl.google.com/dl/firebase/ios/carthage/6.16.0/FirebaseInAppMessaging-bb8ef8e5df8e1cc9.zip",
  "6.17.0": "https://dl.google.com/dl/firebase/ios/carthage/6.17.0/FirebaseInAppMessaging-4cf1ed8f51c86107.zip",
  "6.18.0": "https://dl.google.com/dl/firebase/ios/carthage/6.18.0/FirebaseInAppMessaging-228995e90a699b08.zip",
  "6.19.0": "https://dl.google.com/dl/firebase/ios/carthage/6.19.0/FirebaseInAppMessaging-b98386bc8d14003a.zip",
  "6.2.0": "https://dl.google.com/dl/firebase/ios/carthage/6.2.0/InAppMessaging-070698ff54b3cee1.zip",
  "6.21.0": "https://dl.google.com/dl/firebase/ios/carthage/6.21.0/FirebaseInAppMessaging-94ff3385b4048ae9.zip",
  "6.22.0": "https://dl.google.com/dl/firebase/ios/carthage/6.22.0/FirebaseInAppMessaging-40fd1e70b7ea5b21.zip",
  "6.23.0": "https://dl.google.com/dl/firebase/ios/carthage/6.23.0/FirebaseInAppMessaging-a800415631358560.zip",
  "6.24.0": "https://dl.google.com/dl/firebase/ios/carthage/6.24.0/FirebaseInAppMessaging-9a2d29ddff717b6e.zip",
  "6.26.0": "https://dl.google.com/dl/firebase/ios/carthage/6.26.0/FirebaseInAppMessaging-5bc39588bc0035c9.zip",
  "6.27.0": "https://dl.google.com/dl/firebase/ios/carthage/6.27.0/FirebaseInAppMessaging-44a4c70c9fc61b71.zip",
  "6.28.1": "https://dl.google.com/dl/firebase/ios/carthage/6.28.1/FirebaseInAppMessaging-8362193701f14e92.zip",
  "6.29.0": "https://dl.google.com/dl/firebase/ios/carthage/6.29.0/FirebaseInAppMessaging-46d48ea55d7d182c.zip",
  "6.3.0": "https://dl.google.com/dl/firebase/ios/carthage/6.3.0/InAppMessaging-429246f7cd68f164.zip",
  "6.30.0": "https://dl.google.com/dl/firebase/ios/carthage/6.30.0/FirebaseInAppMessaging-dd80aeaf385106df.zip",
  "6.31.0": "https://dl.google.com/dl/firebase/ios/carthage/6.31.0/FirebaseInAppMessaging-f356fbbfda0827f2.zip",
  "6.32.0": "https://dl.google.com/dl/firebase/ios/carthage/6.32.0/FirebaseInAppMessaging-4a94e8430caf95ba.zip",
  "6.33.0": "https://dl.google.com/dl/firebase/ios/carthage/6.33.0/FirebaseInAppMessaging-190e5f12001cc3c9.zip",
  "6.34.0": "https://dl.google.com/dl/firebase/ios/carthage/6.34.0/FirebaseInAppMessaging-cb77b161001a3fc6.zip",
  "6.4.0": "https://dl.google.com/dl/firebase/ios/carthage/6.4.0/InAppMessaging-5a664f921646704b.zip",
  "6.5.0": "https://dl.google.com/dl/firebase/ios/carthage/6.5.0/InAppMessaging-c1a3a80b194b967d.zip",
  "6.6.0": "https://dl.google.com/dl/firebase/ios/carthage/6.6.0/InAppMessaging-5e1a5c52d881c389.zip",
  "6.7.0": "https://dl.google.com/dl/firebase/ios/carthage/6.7.0/InAppMessaging-b1c71a052626fbb1.zip",
  "6.8.0": "https://dl.google.com/dl/firebase/ios/carthage/6.8.0/InAppMessaging-4d2777cc39779436.zip",
  "6.8.1": "https://dl.google.com/dl/firebase/ios/carthage/6.8.1/InAppMessaging-6d4f75c5647bed72.zip",
  "6.9.0": "https://dl.google.com/dl/firebase/ios/carthage/6.9.0/InAppMessaging-416134687fcad23e.zip",
  "7.0.0": "https://dl.google.com/dl/firebase/ios/carthage/7.0.0/FirebaseInAppMessaging-a741ccd0e1964d9b.zip",
  "7.1.0": "https://dl.google.com/dl/firebase/ios/carthage/7.1.0/FirebaseInAppMessaging-6cd136c16dcca032.zip",
  "7.10.0": "https://dl.google.com/dl/firebase/ios/carthage/7.10.0/FirebaseInAppMessaging-6df7ca5eb3648209.zip",
  "7.11.0": "https://dl.google.com/dl/firebase/ios/carthage/7.11.0/FirebaseInAppMessaging-71a8d2877f17723b.zip",
  "7.3.0": "https://dl.google.com/dl/firebase/ios/carthage/7.3.0/FirebaseInAppMessaging-041227045e3a6f3d.zip",
  "7.4.0": "https://dl.google.com/dl/firebase/ios/carthage/7.4.0/FirebaseInAppMessaging-c77cdeff63bb1b27.zip",
  "7.5.0": "https://dl.google.com/dl/firebase/ios/carthage/7.5.0/FirebaseInAppMessaging-54050590a3e5d0f8.zip",
  "7.6.0": "https://dl.google.com/dl/firebase/ios/carthage/7.6.0/FirebaseInAppMessaging-6db8e44a41a3d1db.zip",
  "7.7.0": "https://dl.google.com/dl/firebase/ios/carthage/7.7.0/FirebaseInAppMessaging-f9be0a0cff49059d.zip",
  "7.8.0": "https://dl.google.com/dl/firebase/ios/carthage/7.8.0/FirebaseInAppMessaging-f196e41b6ad1d348.zip",
  "8.0.0": "https://dl.google.com/dl/firebase/ios/carthage/8.0.0/FirebaseInAppMessaging-7bb7459ed9f4d27d.zip",
  "8.1.0": "https://dl.google.com/dl/firebase/ios/carthage/8.1.0/FirebaseInAppMessaging-89070f17373fa416.zip",
  "8.10.0": "https://dl.google.com/dl/firebase/ios/carthage/8.10.0/FirebaseInAppMessaging-ed7d2240a98d75ca.zip",
  "8.11.0": "https://dl.google.com/dl/firebase/ios/carthage/8.11.0/FirebaseInAppMessaging-e35c17b2f65c984e.zip",
  "8.12.1": "https://dl.google.com/dl/firebase/ios/carthage/8.12.1/FirebaseInAppMessaging-db07c3fb0e4d21bf.zip",
  "8.13.0": "https://dl.google.com/dl/firebase/ios/carthage/8.13.0/FirebaseInAppMessaging-752ac754e2ba4539.zip",
  "8.14.0": "https://dl.google.com/dl/firebase/ios/carthage/8.14.0/FirebaseInAppMessaging-a932e33a77c96c35.zip",
  "8.15.0": "https://dl.google.com/dl/firebase/ios/carthage/8.15.0/FirebaseInAppMessaging-fe0d73a38277a3f4.zip",
  "8.2.0": "https://dl.google.com/dl/firebase/ios/carthage/8.2.0/FirebaseInAppMessaging-0c8e6554767e2bcc.zip",
  "8.3.0": "https://dl.google.com/dl/firebase/ios/carthage/8.3.0/FirebaseInAppMessaging-f1a5c7a504e8a9f8.zip",
  "8.4.0": "https://dl.google.com/dl/firebase/ios/carthage/8.4.0/FirebaseInAppMessaging-66e230a0af7f25e5.zip",
  "8.5.0": "https://dl.google.com/dl/firebase/ios/carthage/8.5.0/FirebaseInAppMessaging-8ddb9a9d0a9827fc.zip",
  "8.6.0": "https://dl.google.com/dl/firebase/ios/carthage/8.6.0/FirebaseInAppMessaging-bb7c02432b93e7c4.zip",
  "8.7.0": "https://dl.google.com/dl/firebase/ios/carthage/8.7.0/FirebaseInAppMessaging-621ac02e10b0f589.zip",
  "8.8.0": "https://dl.google.com/dl/firebase/ios/carthage/8.8.0/FirebaseInAppMessaging-156a48e2a5f8f1b3.zip",
  "8.9.0": "https://dl.google.com/dl/firebase/ios/carthage/8.9.0/FirebaseInAppMessaging-6108c6de19ee2212.zip",
  "8.9.1": "https://dl.google.com/dl/firebase/ios/carthage/8.9.1/FirebaseInAppMessaging-c2663f9282367d31.zip",
  "9.0.0": "https://dl.google.com/dl/firebase/ios/carthage/9.0.0/FirebaseInAppMessaging-1aa7dcc21bfa6a07.zip",
  "9.1.0": "https://dl.google.com/dl/firebase/ios/carthage/9.1.0/FirebaseInAppMessaging-0885e3b2db20aa7a.zip",
  "9.2.0": "https://dl.google.com/dl/firebase/ios/carthage/9.2.0/FirebaseInAppMessaging-f0825ab2ded61ce4.zip",
  "9.3.0": "https://dl.google.com/dl/firebase/ios/carthage/9.3.0/FirebaseInAppMessaging-0742ed726fc2c520.zip",
  "9.4.0": "https://dl.google.com/dl/firebase/ios/carthage/9.4.0/FirebaseInAppMessaging-92285761323cdad5.zip",
  "9.5.0": "https://dl.google.com/dl/firebase/ios/carthage/9.5.0/FirebaseInAppMessaging-8e481cb0ed6d59e3.zip",
  "9.6.0": "https://dl.google.com/dl/firebase/ios/carthage/9.6.0/FirebaseInAppMessaging-fa6da6466a7baa0b.zip"
}
