{
  "6.23.0": "https://dl.google.com/dl/firebase/ios/carthage/6.23.0/FirebaseProtobuf-9a1ec01286c5b238.zip",
  "6.24.0": "https://dl.google.com/dl/firebase/ios/carthage/6.24.0/FirebaseProtobuf-89a7559d775116c3.zip",
  "6.26.0": "https://dl.google.com/dl/firebase/ios/carthage/6.26.0/FirebaseProtobuf-a76ecd13982245a4.zip",
  "6.27.0": "https://dl.google.com/dl/firebase/ios/carthage/6.27.0/FirebaseProtobuf-9336d201d5ba46a2.zip",
  "6.28.1": "https://dl.google.com/dl/firebase/ios/carthage/6.28.1/FirebaseProtobuf-23756b405423ff81.zip",
  "6.29.0": "https://dl.google.com/dl/firebase/ios/carthage/6.29.0/FirebaseProtobuf-7b3681b56ec37449.zip",
  "6.30.0": "https://dl.google.com/dl/firebase/ios/carthage/6.30.0/FirebaseProtobuf-c5e3bf23124a158a.zip",
  "6.31.0": "https://dl.google.com/dl/firebase/ios/carthage/6.31.0/FirebaseProtobuf-84071e1b9fadd98e.zip",
  "6.32.0": "https://dl.google.com/dl/firebase/ios/carthage/6.32.0/FirebaseProtobuf-9695b41c424f1a05.zip",
  "6.33.0": "https://dl.google.com/dl/firebase/ios/carthage/6.33.0/FirebaseProtobuf-d5f4cbeb55c3fbe1.zip",
  "6.34.0": "https://dl.google.com/dl/firebase/ios/carthage/6.34.0/FirebaseProtobuf-66ca738304cf444e.zip",
  "7.0.0": "https://dl.google.com/dl/firebase/ios/carthage/7.0.0/FirebaseProtobuf-d14bc2e6a42e8bc0.zip",
  "7.1.0": "https://dl.google.com/dl/firebase/ios/carthage/7.1.0/FirebaseProtobuf-de7da0b5d188fdc1.zip",
  "7.3.0": "https://dl.google.com/dl/firebase/ios/carthage/7.3.0/FirebaseProtobuf-2f15951640e5de5a.zip",
  "7.4.0": "https://dl.google.com/dl/firebase/ios/carthage/7.4.0/FirebaseProtobuf-34966a137ff3eff9.zip",
  "7.5.0": "https://dl.google.com/dl/firebase/ios/carthage/7.5.0/FirebaseProtobuf-f914d353d613c27e.zip",
  "7.6.0": "https://dl.google.com/dl/firebase/ios/carthage/7.6.0/FirebaseProtobuf-e6e421bb1c7844ff.zip"
}
