{
  "10.0.0": "https://dl.google.com/dl/firebase/ios/carthage/10.0.0/FirebaseAnalyticsOnDeviceConversion-676ea1e23b8cec47.zip",
  "10.1.0": "https://dl.google.com/dl/firebase/ios/carthage/10.1.0/FirebaseAnalyticsOnDeviceConversion-fa5d0eeb77cbfdcd.zip",
  "10.10.0": "https://dl.google.com/dl/firebase/ios/carthage/10.10.0/FirebaseAnalyticsOnDeviceConversion-6824008b7b8206f0.zip",
  "10.11.0": "https://dl.google.com/dl/firebase/ios/carthage/10.11.0/FirebaseAnalyticsOnDeviceConversion-ee4b94ff10273a0c.zip",
  "10.12.0": "https://dl.google.com/dl/firebase/ios/carthage/10.12.0/FirebaseAnalyticsOnDeviceConversion-37c91dc0b9cb44bd.zip",
  "10.13.0": "https://dl.google.com/dl/firebase/ios/carthage/10.13.0/FirebaseAnalyticsOnDeviceConversion-5193e4ca0f19a497.zip",
  "10.14.0": "https://dl.google.com/dl/firebase/ios/carthage/10.14.0/FirebaseAnalyticsOnDeviceConversion-6e0a56a63bd4a5f9.zip",
  "10.15.0": "https://dl.google.com/dl/firebase/ios/carthage/10.15.0/FirebaseAnalyticsOnDeviceConversion-1df8ab524a227493.zip",
  "10.16.0": "https://dl.google.com/dl/firebase/ios/carthage/10.16.0/FirebaseAnalyticsOnDeviceConversion-d70c712fc988478d.zip",
  "10.17.0": "https://dl.google.com/dl/firebase/ios/carthage/10.17.0/FirebaseAnalyticsOnDeviceConversion-3a7e89e62712e39d.zip",
  "10.18.0": "https://dl.google.com/dl/firebase/ios/carthage/10.18.0/FirebaseAnalyticsOnDeviceConversion-17d27742d2da3a56.zip",
  "10.19.0": "https://dl.google.com/dl/firebase/ios/carthage/10.19.0/FirebaseAnalyticsOnDeviceConversion-219e668e914bee4c.zip",
  "10.2.0": "https://dl.google.com/dl/firebase/ios/carthage/10.2.0/FirebaseAnalyticsOnDeviceConversion-37cf6277991d7d75.zip",
  "10.20.0": "https://dl.google.com/dl/firebase/ios/carthage/10.20.0/FirebaseAnalyticsOnDeviceConversion-d3913995b7344202.zip",
  "10.21.0": "https://dl.google.com/dl/firebase/ios/carthage/10.21.0/FirebaseAnalyticsOnDeviceConversion-202ed30074984af7.zip",
  "10.22.0": "https://dl.google.com/dl/firebase/ios/carthage/10.22.0/FirebaseAnalyticsOnDeviceConversion-4b5874979659af63.zip",
  "10.23.0": "https://dl.google.com/dl/firebase/ios/carthage/10.23.0/FirebaseAnalyticsOnDeviceConversion-8e03f5b073a147b0.zip",
  "10.24.0": "https://dl.google.com/dl/firebase/ios/carthage/10.24.0/FirebaseAnalyticsOnDeviceConversion-8849e6e43cbbd3c0.zip",
  "10.25.0": "https://dl.google.com/dl/firebase/ios/carthage/10.25.0/FirebaseAnalyticsOnDeviceConversion-3ab4488b5238043b.zip",
  "10.27.0": "https://dl.google.com/dl/firebase/ios/carthage/10.27.0/FirebaseAnalyticsOnDeviceConversion-ed2151b105873898.zip",
  "10.28.0": "https://dl.google.com/dl/firebase/ios/carthage/10.28.0/FirebaseAnalyticsOnDeviceConversion-a668cbfbe931742e.zip",
  "10.29.0": "https://dl.google.com/dl/firebase/ios/carthage/10.29.0/FirebaseAnalyticsOnDeviceConversion-3e91796347772a3e.zip",
  "10.3.0": "https://dl.google.com/dl/firebase/ios/carthage/10.3.0/FirebaseAnalyticsOnDeviceConversion-091f5252d693a9f9.zip",
  "10.4.0": "https://dl.google.com/dl/firebase/ios/carthage/10.4.0/FirebaseAnalyticsOnDeviceConversion-7bbb73d46383a042.zip",
  "10.5.0": "https://dl.google.com/dl/firebase/ios/carthage/10.5.0/FirebaseAnalyticsOnDeviceConversion-eca2f83d40e0278d.zip",
  "10.6.0": "https://dl.google.com/dl/firebase/ios/carthage/10.6.0/FirebaseAnalyticsOnDeviceConversion-3f8f988326390746.zip",
  "10.7.0": "https://dl.google.com/dl/firebase/ios/carthage/10.7.0/FirebaseAnalyticsOnDeviceConversion-4d066b23b7455efd.zip",
  "10.8.0": "https://dl.google.com/dl/firebase/ios/carthage/10.8.0/FirebaseAnalyticsOnDeviceConversion-bf8e113bb071c6a6.zip",
  "10.9.0": "https://dl.google.com/dl/firebase/ios/carthage/10.9.0/FirebaseAnalyticsOnDeviceConversion-56efb7cef86436f2.zip",
  "11.0.0": "https://dl.google.com/dl/firebase/ios/carthage/11.0.0/FirebaseAnalyticsOnDeviceConversion-d34b43045f6de5d9.zip",
  "11.1.0": "https://dl.google.com/dl/firebase/ios/carthage/11.1.0/FirebaseAnalyticsOnDeviceConversion-e0b5f6e47b71efce.zip",
  "11.2.0": "https://dl.google.com/dl/firebase/ios/carthage/11.2.0/FirebaseAnalyticsOnDeviceConversion-09d94624a2de0ac8.zip",
  "11.3.0": "https://dl.google.com/dl/firebase/ios/carthage/11.3.0/FirebaseAnalyticsOnDeviceConversion-918bc6e0b7a2fd94.zip",
  "11.4.0": "https://dl.google.com/dl/firebase/ios/carthage/11.4.0/FirebaseAnalyticsOnDeviceConversion-1640c514418a23da.zip",
  "11.5.0": "https://dl.google.com/dl/firebase/ios/carthage/11.5.0/FirebaseAnalyticsOnDeviceConversion-8f2f37c75bba22f1.zip",
  "9.0.0": "https://dl.google.com/dl/firebase/ios/carthage/9.0.0/FirebaseAnalyticsOnDeviceConversion-31aedde70a736b8a.zip",
  "9.1.0": "https://dl.google.com/dl/firebase/ios/carthage/9.1.0/FirebaseAnalyticsOnDeviceConversion-f13b5a47d1e3978d.zip",
  "9.2.0": "https://dl.google.com/dl/firebase/ios/carthage/9.2.0/FirebaseAnalyticsOnDeviceConversion-2ebf567c4d97de12.zip",
  "9.3.0": "https://dl.google.com/dl/firebase/ios/carthage/9.3.0/FirebaseAnalyticsOnDeviceConversion-2eaa0fde5ae806a2.zip",
  "9.4.0": "https://dl.google.com/dl/firebase/ios/carthage/9.4.0/FirebaseAnalyticsOnDeviceConversion-bdee83657b00ce14.zip",
  "9.5.0": "https://dl.google.com/dl/firebase/ios/carthage/9.5.0/FirebaseAnalyticsOnDeviceConversion-f86039664d013c1b.zip",
  "9.6.0": "https://dl.google.com/dl/firebase/ios/carthage/9.6.0/FirebaseAnalyticsOnDeviceConversion-204cf612a362a4d8.zip"
}
