{
  "10.0.0": "https://dl.google.com/dl/firebase/ios/carthage/10.0.0/FirebasePerformance-c842a05ab2e3a37f.zip",
  "10.1.0": "https://dl.google.com/dl/firebase/ios/carthage/10.1.0/FirebasePerformance-5a6e015d91228ace.zip",
  "10.10.0": "https://dl.google.com/dl/firebase/ios/carthage/10.10.0/FirebasePerformance-386ab14104423a32.zip",
  "10.11.0": "https://dl.google.com/dl/firebase/ios/carthage/10.11.0/FirebasePerformance-37c0e5151ae0268d.zip",
  "10.12.0": "https://dl.google.com/dl/firebase/ios/carthage/10.12.0/FirebasePerformance-b794cf9e1ceb3e72.zip",
  "10.13.0": "https://dl.google.com/dl/firebase/ios/carthage/10.13.0/FirebasePerformance-2b2404bb14adcf7c.zip",
  "10.14.0": "https://dl.google.com/dl/firebase/ios/carthage/10.14.0/FirebasePerformance-31549e6d71b120d6.zip",
  "10.15.0": "https://dl.google.com/dl/firebase/ios/carthage/10.15.0/FirebasePerformance-77dbf831b7e875ea.zip",
  "10.16.0": "https://dl.google.com/dl/firebase/ios/carthage/10.16.0/FirebasePerformance-19b921d6950279cf.zip",
  "10.17.0": "https://dl.google.com/dl/firebase/ios/carthage/10.17.0/FirebasePerformance-08f67576cd79b422.zip",
  "10.18.0": "https://dl.google.com/dl/firebase/ios/carthage/10.18.0/FirebasePerformance-28f3f8f88f887bd4.zip",
  "10.19.0": "https://dl.google.com/dl/firebase/ios/carthage/10.19.0/FirebasePerformance-5ef59eac9e09086e.zip",
  "10.2.0": "https://dl.google.com/dl/firebase/ios/carthage/10.2.0/FirebasePerformance-7a7398acc615dbb6.zip",
  "10.20.0": "https://dl.google.com/dl/firebase/ios/carthage/10.20.0/FirebasePerformance-6494eb8091be4e03.zip",
  "10.21.0": "https://dl.google.com/dl/firebase/ios/carthage/10.21.0/FirebasePerformance-4b6c574e0645b449.zip",
  "10.22.0": "https://dl.google.com/dl/firebase/ios/carthage/10.22.0/FirebasePerformance-2a39f03d02fcbc5f.zip",
  "10.23.0": "https://dl.google.com/dl/firebase/ios/carthage/10.23.0/FirebasePerformance-daf49762760bcd28.zip",
  "10.24.0": "https://dl.google.com/dl/firebase/ios/carthage/10.24.0/FirebasePerformance-04ba5863cb67f726.zip",
  "10.25.0": "https://dl.google.com/dl/firebase/ios/carthage/10.25.0/FirebasePerformance-bc7b306425147b0a.zip",
  "10.27.0": "https://dl.google.com/dl/firebase/ios/carthage/10.27.0/FirebasePerformance-624ad2fbf9ae8d09.zip",
  "10.28.0": "https://dl.google.com/dl/firebase/ios/carthage/10.28.0/FirebasePerformance-41280788b8a0b61b.zip",
  "10.29.0": "https://dl.google.com/dl/firebase/ios/carthage/10.29.0/FirebasePerformance-edf551fd217188b6.zip",
  "10.3.0": "https://dl.google.com/dl/firebase/ios/carthage/10.3.0/FirebasePerformance-36ac6dfb99caa11b.zip",
  "10.4.0": "https://dl.google.com/dl/firebase/ios/carthage/10.4.0/FirebasePerformance-f9f5be8ffad5cbb0.zip",
  "10.5.0": "https://dl.google.com/dl/firebase/ios/carthage/10.5.0/FirebasePerformance-0ffe559f7554d8a5.zip",
  "10.6.0": "https://dl.google.com/dl/firebase/ios/carthage/10.6.0/FirebasePerformance-fed2b2529213ff3c.zip",
  "10.7.0": "https://dl.google.com/dl/firebase/ios/carthage/10.7.0/FirebasePerformance-bf2e8fda7c51f58c.zip",
  "10.8.0": "https://dl.google.com/dl/firebase/ios/carthage/10.8.0/FirebasePerformance-9fa53b0614619644.zip",
  "10.9.0": "https://dl.google.com/dl/firebase/ios/carthage/10.9.0/FirebasePerformance-ab8a5b884aef1d5e.zip",
  "11.0.0": "https://dl.google.com/dl/firebase/ios/carthage/11.0.0/FirebasePerformance-cbde910ed7498ae3.zip",
  "11.1.0": "https://dl.google.com/dl/firebase/ios/carthage/11.1.0/FirebasePerformance-e983e4ab114b6122.zip",
  "11.2.0": "https://dl.google.com/dl/firebase/ios/carthage/11.2.0/FirebasePerformance-aa174ee3102722d9.zip",
  "11.3.0": "https://dl.google.com/dl/firebase/ios/carthage/11.3.0/FirebasePerformance-a489ac7a27d9b53d.zip",
  "11.4.0": "https://dl.google.com/dl/firebase/ios/carthage/11.4.0/FirebasePerformance-9a6f62e80c2324f4.zip",
  "11.5.0": "https://dl.google.com/dl/firebase/ios/carthage/11.5.0/FirebasePerformance-28996619a5fdc4b7.zip",
  "4.11.0": "https://dl.google.com/dl/firebase/ios/carthage/4.11.0/Performance-d8693eb892bfa05b.zip",
  "4.12.0": "https://dl.google.com/dl/firebase/ios/carthage/4.12.0/Performance-0a400f9460f7a71d.zip",
  "4.9.0": "https://dl.google.com/dl/firebase/ios/carthage/4.9.0/Performance-f5b4002ab96523e4.zip",
  "5.0.0": "https://dl.google.com/dl/firebase/ios/carthage/5.0.0/Performance-1d621773a8d7c380.zip",
  "5.0.1": "https://dl.google.com/dl/firebase/ios/carthage/5.0.1/Performance-cb6c41267c3550fe.zip",
  "5.1.0": "https://dl.google.com/dl/firebase/ios/carthage/5.1.0/Performance-3b32f9c6c17b0961.zip",
  "5.10.0": "https://dl.google.com/dl/firebase/ios/carthage/5.10.0/Performance-b69aa3597a439f5b.zip",
  "5.11.0": "https://dl.google.com/dl/firebase/ios/carthage/5.11.0/Performance-425b73e978668a75.zip",
  "5.12.0": "https://dl.google.com/dl/firebase/ios/carthage/5.12.0/Performance-399e49c57178b8f5.zip",
  "5.13.0": "https://dl.google.com/dl/firebase/ios/carthage/5.13.0/Performance-fb4279f8fa3d3ba8.zip",
  "5.14.0": "https://dl.google.com/dl/firebase/ios/carthage/5.14.0/Performance-9e5eb2aec0e28f38.zip",
  "5.15.0": "https://dl.google.com/dl/firebase/ios/carthage/5.15.0/Performance-60c72de008ce4880.zip",
  "5.16.0": "https://dl.google.com/dl/firebase/ios/carthage/5.16.0/Performance-60c72de008ce4880.zip",
  "5.17.0": "https://dl.google.com/dl/firebase/ios/carthage/5.17.0/Performance-8eb5a91c47dc967f.zip",
  "5.18.1": "https://dl.google.com/dl/firebase/ios/carthage/5.18.1/Performance-223b1df416259e98.zip",
  "5.18.2": "https://dl.google.com/dl/firebase/ios/carthage/5.18.2/Performance-b8ea91b35f655784.zip",
  "5.19.0": "https://dl.google.com/dl/firebase/ios/carthage/5.19.0/Performance-5454e229e6662c94.zip",
  "5.2.0": "https://dl.google.com/dl/firebase/ios/carthage/5.2.0/Performance-cb6c41267c3550fe.zip",
  "5.20.0": "https://dl.google.com/dl/firebase/ios/carthage/5.20.0/Performance-5454e229e6662c94.zip",
  "5.3.0": "https://dl.google.com/dl/firebase/ios/carthage/5.3.0/Performance-d796ae464b0e9e6a.zip",
  "5.4.0": "https://dl.google.com/dl/firebase/ios/carthage/5.4.0/Performance-f9bc062f3ad4aff4.zip",
  "5.6.0": "https://dl.google.com/dl/firebase/ios/carthage/5.6.0/Performance-ce2bcf683d48b6c1.zip",
  "5.8.0": "https://dl.google.com/dl/firebase/ios/carthage/5.8.0/Performance-ce2bcf683d48b6c1.zip",
  "6.0.0": "https://dl.google.com/dl/firebase/ios/carthage/6.0.0/Performance-72421539d340611c.zip",
  "6.1.0": "https://dl.google.com/dl/firebase/ios/carthage/6.1.0/Performance-42987de94b106581.zip",
  "6.10.0": "https://dl.google.com/dl/firebase/ios/carthage/6.10.0/Performance-07fd3c353283d5f9.zip",
  "6.11.0": "https://dl.google.com/dl/firebase/ios/carthage/6.11.0/Performance-5c9766997710550b.zip",
  "6.12.0": "https://dl.google.com/dl/firebase/ios/carthage/6.12.0/Performance-e928f787e1548d0c.zip",
  "6.13.0": "https://dl.google.com/dl/firebase/ios/carthage/6.13.0/Performance-500fcdbff1801d74.zip",
  "6.14.0": "https://dl.google.com/dl/firebase/ios/carthage/6.14.0/FirebasePerformance-7f1e6ceb776b3305.zip",
  "6.15.0": "https://dl.google.com/dl/firebase/ios/carthage/6.15.0/FirebasePerformance-d79beac8f48b7d46.zip",
  "6.16.0": "https://dl.google.com/dl/firebase/ios/carthage/6.16.0/FirebasePerformance-878f74178023630f.zip",
  "6.17.0": "https://dl.google.com/dl/firebase/ios/carthage/6.17.0/FirebasePerformance-816ab73fa3ce4a68.zip",
  "6.18.0": "https://dl.google.com/dl/firebase/ios/carthage/6.18.0/FirebasePerformance-ac72a30963944e77.zip",
  "6.19.0": "https://dl.google.com/dl/firebase/ios/carthage/6.19.0/FirebasePerformance-9f20ceee21f86fef.zip",
  "6.2.0": "https://dl.google.com/dl/firebase/ios/carthage/6.2.0/Performance-b9a4ba8289c722b1.zip",
  "6.21.0": "https://dl.google.com/dl/firebase/ios/carthage/6.21.0/FirebasePerformance-bf71e0b06b5d4082.zip",
  "6.22.0": "https://dl.google.com/dl/firebase/ios/carthage/6.22.0/FirebasePerformance-09c622788c674852.zip",
  "6.23.0": "https://dl.google.com/dl/firebase/ios/carthage/6.23.0/FirebasePerformance-6c4ff9a837dfff1c.zip",
  "6.24.0": "https://dl.google.com/dl/firebase/ios/carthage/6.24.0/FirebasePerformance-f45cd4ba20ba99f4.zip",
  "6.26.0": "https://dl.google.com/dl/firebase/ios/carthage/6.26.0/FirebasePerformance-bb8899587826233b.zip",
  "6.27.0": "https://dl.google.com/dl/firebase/ios/carthage/6.27.0/FirebasePerformance-3fc1fb6bbbda01f3.zip",
  "6.28.1": "https://dl.google.com/dl/firebase/ios/carthage/6.28.1/FirebasePerformance-af0a4a0b620c37f5.zip",
  "6.29.0": "https://dl.google.com/dl/firebase/ios/carthage/6.29.0/FirebasePerformance-435fefe8e30ccc66.zip",
  "6.3.0": "https://dl.google.com/dl/firebase/ios/carthage/6.3.0/Performance-0c714b5b4e01d656.zip",
  "6.30.0": "https://dl.google.com/dl/firebase/ios/carthage/6.30.0/FirebasePerformance-8ded853f8b3d4381.zip",
  "6.31.0": "https://dl.google.com/dl/firebase/ios/carthage/6.31.0/FirebasePerformance-d4d886e1b93ca342.zip",
  "6.32.0": "https://dl.google.com/dl/firebase/ios/carthage/6.32.0/FirebasePerformance-1fe5efa6aab501d7.zip",
  "6.33.0": "https://dl.google.com/dl/firebase/ios/carthage/6.33.0/FirebasePerformance-b2b4e888f452ce89.zip",
  "6.34.0": "https://dl.google.com/dl/firebase/ios/carthage/6.34.0/FirebasePerformance-82153350b45afb90.zip",
  "6.4.0": "https://dl.google.com/dl/firebase/ios/carthage/6.4.0/Performance-51d4cc873415488f.zip",
  "6.5.0": "https://dl.google.com/dl/firebase/ios/carthage/6.5.0/Performance-1a34ecdc86c7af02.zip",
  "6.6.0": "https://dl.google.com/dl/firebase/ios/carthage/6.6.0/Performance-78ca1d4b35ce36c8.zip",
  "6.7.0": "https://dl.google.com/dl/firebase/ios/carthage/6.7.0/Performance-f14a168e44e1a07d.zip",
  "6.8.0": "https://dl.google.com/dl/firebase/ios/carthage/6.8.0/Performance-f64e00f62de44a5c.zip",
  "6.8.1": "https://dl.google.com/dl/firebase/ios/carthage/6.8.1/Performance-75793f789609f4eb.zip",
  "6.9.0": "https://dl.google.com/dl/firebase/ios/carthage/6.9.0/Performance-eb893f2422031e2a.zip",
  "7.0.0": "https://dl.google.com/dl/firebase/ios/carthage/7.0.0/FirebasePerformance-81d84b7bde04b1a9.zip",
  "7.1.0": "https://dl.google.com/dl/firebase/ios/carthage/7.1.0/FirebasePerformance-7e173461c90d73c1.zip",
  "7.10.0": "https://dl.google.com/dl/firebase/ios/carthage/7.10.0/FirebasePerformance-b1552e4dcf772788.zip",
  "7.11.0": "https://dl.google.com/dl/firebase/ios/carthage/7.11.0/FirebasePerformance-3daf6a9a698c0487.zip",
  "7.4.0": "https://dl.google.com/dl/firebase/ios/carthage/7.4.0/FirebasePerformance-1fde1744348e9857.zip",
  "7.5.0": "https://dl.google.com/dl/firebase/ios/carthage/7.5.0/FirebasePerformance-da211c9d979f25e0.zip",
  "7.6.0": "https://dl.google.com/dl/firebase/ios/carthage/7.6.0/FirebasePerformance-a90d25f23111f8dd.zip",
  "7.7.0": "https://dl.google.com/dl/firebase/ios/carthage/7.7.0/FirebasePerformance-c42e77118c8b4689.zip",
  "7.8.0": "https://dl.google.com/dl/firebase/ios/carthage/7.8.0/FirebasePerformance-e08197cf01f9319f.zip",
  "8.0.0": "https://dl.google.com/dl/firebase/ios/carthage/8.0.0/FirebasePerformance-922f579c8e605459.zip",
  "8.1.0": "https://dl.google.com/dl/firebase/ios/carthage/8.1.0/FirebasePerformance-7904ddd6f323e79c.zip",
  "8.10.0": "https://dl.google.com/dl/firebase/ios/carthage/8.10.0/FirebasePerformance-2da212b3a96f7505.zip",
  "8.11.0": "https://dl.google.com/dl/firebase/ios/carthage/8.11.0/FirebasePerformance-875e38f249815ffe.zip",
  "8.12.1": "https://dl.google.com/dl/firebase/ios/carthage/8.12.1/FirebasePerformance-fab4df789bdb111c.zip",
  "8.13.0": "https://dl.google.com/dl/firebase/ios/carthage/8.13.0/FirebasePerformance-d11494249e603fa3.zip",
  "8.14.0": "https://dl.google.com/dl/firebase/ios/carthage/8.14.0/FirebasePerformance-87d5ea49c53c14d4.zip",
  "8.15.0": "https://dl.google.com/dl/firebase/ios/carthage/8.15.0/FirebasePerformance-20be53ff75f05584.zip",
  "8.2.0": "https://dl.google.com/dl/firebase/ios/carthage/8.2.0/FirebasePerformance-e60ca7fb9d480280.zip",
  "8.3.0": "https://dl.google.com/dl/firebase/ios/carthage/8.3.0/FirebasePerformance-7184f179e1122137.zip",
  "8.4.0": "https://dl.google.com/dl/firebase/ios/carthage/8.4.0/FirebasePerformance-ef4dc0aa9d1727bc.zip",
  "8.5.0": "https://dl.google.com/dl/firebase/ios/carthage/8.5.0/FirebasePerformance-231edf8dbdc118f2.zip",
  "8.6.0": "https://dl.google.com/dl/firebase/ios/carthage/8.6.0/FirebasePerformance-68b18a53dc072db1.zip",
  "8.7.0": "https://dl.google.com/dl/firebase/ios/carthage/8.7.0/FirebasePerformance-0ac1363d1928d3ee.zip",
  "8.8.0": "https://dl.google.com/dl/firebase/ios/carthage/8.8.0/FirebasePerformance-4a7654661ffbd7a8.zip",
  "8.9.0": "https://dl.google.com/dl/firebase/ios/carthage/8.9.0/FirebasePerformance-8526063deaf4274d.zip",
  "8.9.1": "https://dl.google.com/dl/firebase/ios/carthage/8.9.1/FirebasePerformance-795f1f9a879c5833.zip",
  "9.0.0": "https://dl.google.com/dl/firebase/ios/carthage/9.0.0/FirebasePerformance-ce75fdaf3c131edb.zip",
  "9.1.0": "https://dl.google.com/dl/firebase/ios/carthage/9.1.0/FirebasePerformance-813af21be925c753.zip",
  "9.2.0": "https://dl.google.com/dl/firebase/ios/carthage/9.2.0/FirebasePerformance-8e6643592992fdc6.zip",
  "9.3.0": "https://dl.google.com/dl/firebase/ios/carthage/9.3.0/FirebasePerformance-6a6cb6b26559e769.zip",
  "9.4.0": "https://dl.google.com/dl/firebase/ios/carthage/9.4.0/FirebasePerformance-37c06790e07e83e2.zip",
  "9.5.0": "https://dl.google.com/dl/firebase/ios/carthage/9.5.0/FirebasePerformance-4a264650958620a2.zip",
  "9.6.0": "https://dl.google.com/dl/firebase/ios/carthage/9.6.0/FirebasePerformance-eab6cd779b535da7.zip"
}
