{
  "10.0.0": "https://dl.google.com/dl/firebase/ios/carthage/10.0.0/FirebaseDatabase-31f2e4a5b6161aa6.zip",
  "10.1.0": "https://dl.google.com/dl/firebase/ios/carthage/10.1.0/FirebaseDatabase-20809c274dc7412d.zip",
  "10.10.0": "https://dl.google.com/dl/firebase/ios/carthage/10.10.0/FirebaseDatabase-7620a67e855e754a.zip",
  "10.11.0": "https://dl.google.com/dl/firebase/ios/carthage/10.11.0/FirebaseDatabase-e5828ae4a50a52bd.zip",
  "10.12.0": "https://dl.google.com/dl/firebase/ios/carthage/10.12.0/FirebaseDatabase-290a5ce8172b656e.zip",
  "10.13.0": "https://dl.google.com/dl/firebase/ios/carthage/10.13.0/FirebaseDatabase-2c4e817a6516ea44.zip",
  "10.14.0": "https://dl.google.com/dl/firebase/ios/carthage/10.14.0/FirebaseDatabase-beaca078afc1d61f.zip",
  "10.15.0": "https://dl.google.com/dl/firebase/ios/carthage/10.15.0/FirebaseDatabase-735f98fa97bd8ac5.zip",
  "10.16.0": "https://dl.google.com/dl/firebase/ios/carthage/10.16.0/FirebaseDatabase-9a3210234cd3e29f.zip",
  "10.17.0": "https://dl.google.com/dl/firebase/ios/carthage/10.17.0/FirebaseDatabase-32428945bd6ec380.zip",
  "10.18.0": "https://dl.google.com/dl/firebase/ios/carthage/10.18.0/FirebaseDatabase-bcf8e0a3091629be.zip",
  "10.19.0": "https://dl.google.com/dl/firebase/ios/carthage/10.19.0/FirebaseDatabase-a62dd446dac4b89f.zip",
  "10.2.0": "https://dl.google.com/dl/firebase/ios/carthage/10.2.0/FirebaseDatabase-8b7048f7890bb665.zip",
  "10.20.0": "https://dl.google.com/dl/firebase/ios/carthage/10.20.0/FirebaseDatabase-a7f5c6d032473b01.zip",
  "10.21.0": "https://dl.google.com/dl/firebase/ios/carthage/10.21.0/FirebaseDatabase-a05cb524bec955b2.zip",
  "10.22.0": "https://dl.google.com/dl/firebase/ios/carthage/10.22.0/FirebaseDatabase-f5156c8169b6358f.zip",
  "10.23.0": "https://dl.google.com/dl/firebase/ios/carthage/10.23.0/FirebaseDatabase-61799b2e188bed5b.zip",
  "10.24.0": "https://dl.google.com/dl/firebase/ios/carthage/10.24.0/FirebaseDatabase-a27e18a8a37d7d0a.zip",
  "10.25.0": "https://dl.google.com/dl/firebase/ios/carthage/10.25.0/FirebaseDatabase-0ac7f999ddc3f338.zip",
  "10.27.0": "https://dl.google.com/dl/firebase/ios/carthage/10.27.0/FirebaseDatabase-b3a0f37d3bbf9b85.zip",
  "10.28.0": "https://dl.google.com/dl/firebase/ios/carthage/10.28.0/FirebaseDatabase-b6d4193728727fb4.zip",
  "10.29.0": "https://dl.google.com/dl/firebase/ios/carthage/10.29.0/FirebaseDatabase-b2f4220f8302b6d0.zip",
  "10.3.0": "https://dl.google.com/dl/firebase/ios/carthage/10.3.0/FirebaseDatabase-5b22f689cb66d83a.zip",
  "10.4.0": "https://dl.google.com/dl/firebase/ios/carthage/10.4.0/FirebaseDatabase-e1a9d1f0c4222cf7.zip",
  "10.5.0": "https://dl.google.com/dl/firebase/ios/carthage/10.5.0/FirebaseDatabase-aea9249d81841ee1.zip",
  "10.6.0": "https://dl.google.com/dl/firebase/ios/carthage/10.6.0/FirebaseDatabase-7ddcff7e9ab09b6f.zip",
  "10.7.0": "https://dl.google.com/dl/firebase/ios/carthage/10.7.0/FirebaseDatabase-c91ca3f6f5855ede.zip",
  "10.8.0": "https://dl.google.com/dl/firebase/ios/carthage/10.8.0/FirebaseDatabase-30ebbb3e09ae181b.zip",
  "10.9.0": "https://dl.google.com/dl/firebase/ios/carthage/10.9.0/FirebaseDatabase-b129760f802187e1.zip",
  "11.0.0": "https://dl.google.com/dl/firebase/ios/carthage/11.0.0/FirebaseDatabase-5e45f5e1fd19258b.zip",
  "11.1.0": "https://dl.google.com/dl/firebase/ios/carthage/11.1.0/FirebaseDatabase-64e6eeeecc70e513.zip",
  "11.2.0": "https://dl.google.com/dl/firebase/ios/carthage/11.2.0/FirebaseDatabase-06dbb1f7d3c8a3e1.zip",
  "11.3.0": "https://dl.google.com/dl/firebase/ios/carthage/11.3.0/FirebaseDatabase-38634b55050b94fe.zip",
  "11.4.0": "https://dl.google.com/dl/firebase/ios/carthage/11.4.0/FirebaseDatabase-ed125984da534e96.zip",
  "11.5.0": "https://dl.google.com/dl/firebase/ios/carthage/11.5.0/FirebaseDatabase-c31e803cad22c253.zip",
  "4.11.0": "https://dl.google.com/dl/firebase/ios/carthage/4.11.0/Database-1f7a820452722c7d.zip",
  "4.12.0": "https://dl.google.com/dl/firebase/ios/carthage/4.12.0/Database-1f7a820452722c7d.zip",
  "4.9.0": "https://dl.google.com/dl/firebase/ios/carthage/4.9.0/Database-59a12d87456b3e1c.zip",
  "5.0.0": "https://dl.google.com/dl/firebase/ios/carthage/5.0.0/Database-e3432c05d37c041e.zip",
  "5.0.1": "https://dl.google.com/dl/firebase/ios/carthage/5.0.1/Database-e328fb93bfbbb32b.zip",
  "5.1.0": "https://dl.google.com/dl/firebase/ios/carthage/5.1.0/Database-574076d478bbaf78.zip",
  "5.10.0": "https://dl.google.com/dl/firebase/ios/carthage/5.10.0/Database-9dc8c8edc4703e1a.zip",
  "5.11.0": "https://dl.google.com/dl/firebase/ios/carthage/5.11.0/Database-367ee3779d8cd6a5.zip",
  "5.12.0": "https://dl.google.com/dl/firebase/ios/carthage/5.12.0/Database-a259e387477e89a3.zip",
  "5.13.0": "https://dl.google.com/dl/firebase/ios/carthage/5.13.0/Database-9dc8c8edc4703e1a.zip",
  "5.14.0": "https://dl.google.com/dl/firebase/ios/carthage/5.14.0/Database-c10c7186d7b26983.zip",
  "5.15.0": "https://dl.google.com/dl/firebase/ios/carthage/5.15.0/Database-44772a75a4fe7d78.zip",
  "5.16.0": "https://dl.google.com/dl/firebase/ios/carthage/5.16.0/Database-6bfbb3dcdbcb53bf.zip",
  "5.17.0": "https://dl.google.com/dl/firebase/ios/carthage/5.17.0/Database-441f02c08aeb2278.zip",
  "5.18.1": "https://dl.google.com/dl/firebase/ios/carthage/5.18.1/Database-2c57cf611cd2bbfc.zip",
  "5.18.2": "https://dl.google.com/dl/firebase/ios/carthage/5.18.2/Database-d13bacdfe1149e23.zip",
  "5.19.0": "https://dl.google.com/dl/firebase/ios/carthage/5.19.0/Database-f804c7d19ef5566d.zip",
  "5.2.0": "https://dl.google.com/dl/firebase/ios/carthage/5.2.0/Database-6cb474bf0cfb466f.zip",
  "5.20.0": "https://dl.google.com/dl/firebase/ios/carthage/5.20.0/Database-f804c7d19ef5566d.zip",
  "5.3.0": "https://dl.google.com/dl/firebase/ios/carthage/5.3.0/Database-a05ec4982db0eb4f.zip",
  "5.4.0": "https://dl.google.com/dl/firebase/ios/carthage/5.4.0/Database-ba1d0fcb410b7443.zip",
  "5.6.0": "https://dl.google.com/dl/firebase/ios/carthage/5.6.0/Database-ba81273fb0709fbd.zip",
  "5.8.0": "https://dl.google.com/dl/firebase/ios/carthage/5.8.0/Database-367ee3779d8cd6a5.zip",
  "6.0.0": "https://dl.google.com/dl/firebase/ios/carthage/6.0.0/Database-9381bd840b011ff4.zip",
  "6.1.0": "https://dl.google.com/dl/firebase/ios/carthage/6.1.0/Database-e697df5ecc4e1ffb.zip",
  "6.10.0": "https://dl.google.com/dl/firebase/ios/carthage/6.10.0/Database-300f363056492ee0.zip",
  "6.11.0": "https://dl.google.com/dl/firebase/ios/carthage/6.11.0/Database-78f0d643bdb5b0d9.zip",
  "6.12.0": "https://dl.google.com/dl/firebase/ios/carthage/6.12.0/Database-6f480241170da0f5.zip",
  "6.13.0": "https://dl.google.com/dl/firebase/ios/carthage/6.13.0/Database-f4351c6d632db7ee.zip",
  "6.14.0": "https://dl.google.com/dl/firebase/ios/carthage/6.14.0/FirebaseDatabase-e64373f82ff05f03.zip",
  "6.15.0": "https://dl.google.com/dl/firebase/ios/carthage/6.15.0/FirebaseDatabase-0a27be21545b9243.zip",
  "6.16.0": "https://dl.google.com/dl/firebase/ios/carthage/6.16.0/FirebaseDatabase-6c8b22c812f03b4d.zip",
  "6.17.0": "https://dl.google.com/dl/firebase/ios/carthage/6.17.0/FirebaseDatabase-27b28f3c4e5e23ca.zip",
  "6.18.0": "https://dl.google.com/dl/firebase/ios/carthage/6.18.0/FirebaseDatabase-960d02563a0efa62.zip",
  "6.19.0": "https://dl.google.com/dl/firebase/ios/carthage/6.19.0/FirebaseDatabase-f1d74ad5fe1ffd60.zip",
  "6.2.0": "https://dl.google.com/dl/firebase/ios/carthage/6.2.0/Database-caf6843e1ad0bf7f.zip",
  "6.21.0": "https://dl.google.com/dl/firebase/ios/carthage/6.21.0/FirebaseDatabase-a43b947cbb19f560.zip",
  "6.22.0": "https://dl.google.com/dl/firebase/ios/carthage/6.22.0/FirebaseDatabase-2fc850d31b40d5e8.zip",
  "6.23.0": "https://dl.google.com/dl/firebase/ios/carthage/6.23.0/FirebaseDatabase-a5df9e77ee883860.zip",
  "6.24.0": "https://dl.google.com/dl/firebase/ios/carthage/6.24.0/FirebaseDatabase-51be7833df643593.zip",
  "6.26.0": "https://dl.google.com/dl/firebase/ios/carthage/6.26.0/FirebaseDatabase-91d7fb486a3da4df.zip",
  "6.27.0": "https://dl.google.com/dl/firebase/ios/carthage/6.27.0/FirebaseDatabase-1cb1797b311e90a8.zip",
  "6.28.1": "https://dl.google.com/dl/firebase/ios/carthage/6.28.1/FirebaseDatabase-1a98fc320cc21a0c.zip",
  "6.29.0": "https://dl.google.com/dl/firebase/ios/carthage/6.29.0/FirebaseDatabase-b1664ef54fe99d0b.zip",
  "6.3.0": "https://dl.google.com/dl/firebase/ios/carthage/6.3.0/Database-86ef0a9029ff825e.zip",
  "6.30.0": "https://dl.google.com/dl/firebase/ios/carthage/6.30.0/FirebaseDatabase-5bf818a50edd6239.zip",
  "6.31.0": "https://dl.google.com/dl/firebase/ios/carthage/6.31.0/FirebaseDatabase-6fb8cf2fe0a50094.zip",
  "6.32.0": "https://dl.google.com/dl/firebase/ios/carthage/6.32.0/FirebaseDatabase-74c3ad171fee75f0.zip",
  "6.33.0": "https://dl.google.com/dl/firebase/ios/carthage/6.33.0/FirebaseDatabase-573c3023965e362b.zip",
  "6.34.0": "https://dl.google.com/dl/firebase/ios/carthage/6.34.0/FirebaseDatabase-fb656392e4078984.zip",
  "6.4.0": "https://dl.google.com/dl/firebase/ios/carthage/6.4.0/Database-a5dcd29901c0b64c.zip",
  "6.5.0": "https://dl.google.com/dl/firebase/ios/carthage/6.5.0/Database-5549b703d16cae6b.zip",
  "6.6.0": "https://dl.google.com/dl/firebase/ios/carthage/6.6.0/Database-94b9b3648a147e5a.zip",
  "6.7.0": "https://dl.google.com/dl/firebase/ios/carthage/6.7.0/Database-d7a1169896fcf266.zip",
  "6.8.0": "https://dl.google.com/dl/firebase/ios/carthage/6.8.0/Database-578737ff28d79cb7.zip",
  "6.8.1": "https://dl.google.com/dl/firebase/ios/carthage/6.8.1/Database-48ed9283a94725c9.zip",
  "6.9.0": "https://dl.google.com/dl/firebase/ios/carthage/6.9.0/Database-098e1475a25935e8.zip",
  "7.0.0": "https://dl.google.com/dl/firebase/ios/carthage/7.0.0/FirebaseDatabase-df92bfa52230a48f.zip",
  "7.1.0": "https://dl.google.com/dl/firebase/ios/carthage/7.1.0/FirebaseDatabase-ac4b61e7b20af7e9.zip",
  "7.10.0": "https://dl.google.com/dl/firebase/ios/carthage/7.10.0/FirebaseDatabase-20ec24a887fd30f2.zip",
  "7.11.0": "https://dl.google.com/dl/firebase/ios/carthage/7.11.0/FirebaseDatabase-9badcc80e99ee451.zip",
  "7.3.0": "https://dl.google.com/dl/firebase/ios/carthage/7.3.0/FirebaseDatabase-a20126ceec8f373f.zip",
  "7.4.0": "https://dl.google.com/dl/firebase/ios/carthage/7.4.0/FirebaseDatabase-f60209ca21dada5f.zip",
  "7.5.0": "https://dl.google.com/dl/firebase/ios/carthage/7.5.0/FirebaseDatabase-f28fee7ce2d91801.zip",
  "7.6.0": "https://dl.google.com/dl/firebase/ios/carthage/7.6.0/FirebaseDatabase-175d9e50c3b71b30.zip",
  "7.7.0": "https://dl.google.com/dl/firebase/ios/carthage/7.7.0/FirebaseDatabase-5b8ac0f6ed9fe5ea.zip",
  "7.8.0": "https://dl.google.com/dl/firebase/ios/carthage/7.8.0/FirebaseDatabase-94b87a6933636c21.zip",
  "8.0.0": "https://dl.google.com/dl/firebase/ios/carthage/8.0.0/FirebaseDatabase-29c3cbe67dac2b49.zip",
  "8.1.0": "https://dl.google.com/dl/firebase/ios/carthage/8.1.0/FirebaseDatabase-88f88bcf88eacd0b.zip",
  "8.10.0": "https://dl.google.com/dl/firebase/ios/carthage/8.10.0/FirebaseDatabase-b2f007ab5c085c90.zip",
  "8.11.0": "https://dl.google.com/dl/firebase/ios/carthage/8.11.0/FirebaseDatabase-1b61403b2ae807dd.zip",
  "8.12.1": "https://dl.google.com/dl/firebase/ios/carthage/8.12.1/FirebaseDatabase-a4dca7f2e2577611.zip",
  "8.13.0": "https://dl.google.com/dl/firebase/ios/carthage/8.13.0/FirebaseDatabase-ea2281df15726d59.zip",
  "8.14.0": "https://dl.google.com/dl/firebase/ios/carthage/8.14.0/FirebaseDatabase-e96c6cafde2710be.zip",
  "8.15.0": "https://dl.google.com/dl/firebase/ios/carthage/8.15.0/FirebaseDatabase-8d6998f4101de0dc.zip",
  "8.2.0": "https://dl.google.com/dl/firebase/ios/carthage/8.2.0/FirebaseDatabase-052f622dd15e301e.zip",
  "8.3.0": "https://dl.google.com/dl/firebase/ios/carthage/8.3.0/FirebaseDatabase-43e2b46938f4c325.zip",
  "8.4.0": "https://dl.google.com/dl/firebase/ios/carthage/8.4.0/FirebaseDatabase-1a076af7e6459af2.zip",
  "8.5.0": "https://dl.google.com/dl/firebase/ios/carthage/8.5.0/FirebaseDatabase-835963a8268c1156.zip",
  "8.6.0": "https://dl.google.com/dl/firebase/ios/carthage/8.6.0/FirebaseDatabase-d931e768a96ab9bd.zip",
  "8.7.0": "https://dl.google.com/dl/firebase/ios/carthage/8.7.0/FirebaseDatabase-dbff6e7221cc9476.zip",
  "8.8.0": "https://dl.google.com/dl/firebase/ios/carthage/8.8.0/FirebaseDatabase-a9c9941d0626eec7.zip",
  "8.9.0": "https://dl.google.com/dl/firebase/ios/carthage/8.9.0/FirebaseDatabase-678113a755552d45.zip",
  "8.9.1": "https://dl.google.com/dl/firebase/ios/carthage/8.9.1/FirebaseDatabase-4768eccb3a041e7c.zip",
  "9.0.0": "https://dl.google.com/dl/firebase/ios/carthage/9.0.0/FirebaseDatabase-5f5e817c5104e35b.zip",
  "9.1.0": "https://dl.google.com/dl/firebase/ios/carthage/9.1.0/FirebaseDatabase-6fc206ffffcf95c0.zip",
  "9.2.0": "https://dl.google.com/dl/firebase/ios/carthage/9.2.0/FirebaseDatabase-15daf4c12a9f7ff3.zip",
  "9.3.0": "https://dl.google.com/dl/firebase/ios/carthage/9.3.0/FirebaseDatabase-25589090f50cce02.zip",
  "9.4.0": "https://dl.google.com/dl/firebase/ios/carthage/9.4.0/FirebaseDatabase-22ac30c36d10ec2c.zip",
  "9.5.0": "https://dl.google.com/dl/firebase/ios/carthage/9.5.0/FirebaseDatabase-d56411aa744801c2.zip",
  "9.6.0": "https://dl.google.com/dl/firebase/ios/carthage/9.6.0/FirebaseDatabase-965a8d364092c833.zip"
}
