{
  "4.12.0":"https://dl.google.com/dl/firebase/ios/carthage/4.12.0/Crash-cdbc758f61096b01.zip",
  "5.17.0":"https://dl.google.com/dl/firebase/ios/carthage/5.17.0/Crash-c806b5f5a628e737.zip",
  "5.4.0":"https://dl.google.com/dl/firebase/ios/carthage/5.4.0/Crash-41c4ed73d4925bc5.zip",
  "5.18.2":"https://dl.google.com/dl/firebase/ios/carthage/5.18.2/Crash-daddb4ee263f416c.zip",
  "5.18.1":"https://dl.google.com/dl/firebase/ios/carthage/5.18.1/Crash-1ff07ccf55218d3d.zip",
  "5.16.0":"https://dl.google.com/dl/firebase/ios/carthage/5.16.0/Crash-e2a2a527b2e0fcb5.zip",
  "5.19.0":"https://dl.google.com/dl/firebase/ios/carthage/5.19.0/Crash-bbaa95d201655cec.zip",
  "5.10.0":"https://dl.google.com/dl/firebase/ios/carthage/5.10.0/Crash-9dc60d55c0f36857.zip",
  "5.15.0":"https://dl.google.com/dl/firebase/ios/carthage/5.15.0/Crash-e2a2a527b2e0fcb5.zip",
  "5.11.0":"https://dl.google.com/dl/firebase/ios/carthage/5.11.0/Crash-f017d15e72f45b36.zip",
  "5.8.0":"https://dl.google.com/dl/firebase/ios/carthage/5.8.0/Crash-f017d15e72f45b36.zip",
  "5.14.0":"https://dl.google.com/dl/firebase/ios/carthage/5.14.0/Crash-f017d15e72f45b36.zip",
  "5.12.0":"https://dl.google.com/dl/firebase/ios/carthage/5.12.0/Crash-b46c129ca3669f40.zip",
  "5.13.0":"https://dl.google.com/dl/firebase/ios/carthage/5.13.0/Crash-9dc60d55c0f36857.zip",
  "4.11.0":"https://dl.google.com/dl/firebase/ios/carthage/4.11.0/Crash-cdbc758f61096b01.zip",
  "5.2.0":"https://dl.google.com/dl/firebase/ios/carthage/5.2.0/Crash-79388beffcc2fd73.zip",
  "4.9.0":"https://dl.google.com/dl/firebase/ios/carthage/4.9.0/Crash-be28dd1e645475a7.zip",
  "5.3.0":"https://dl.google.com/dl/firebase/ios/carthage/5.3.0/Crash-bbb3cb29d00b8282.zip",
  "5.0.0":"https://dl.google.com/dl/firebase/ios/carthage/5.0.0/Crash-11f1195e68831e7c.zip",
  "5.0.1":"https://dl.google.com/dl/firebase/ios/carthage/5.0.1/Crash-79388beffcc2fd73.zip",
  "5.1.0":"https://dl.google.com/dl/firebase/ios/carthage/5.1.0/Crash-3b9c5a34e3d0584b.zip",
  "5.20.0":"https://dl.google.com/dl/firebase/ios/carthage/5.20.0/Crash-bbaa95d201655cec.zip",
  "5.6.0":"https://dl.google.com/dl/firebase/ios/carthage/5.6.0/Crash-f017d15e72f45b36.zip"
}