{
  "4.12.0":"https://dl.google.com/dl/firebase/ios/carthage/4.12.0/Invites-bd232e5092cf947f.zip",
  "5.17.0":"https://dl.google.com/dl/firebase/ios/carthage/5.17.0/Invites-bfa93d15aba9504f.zip",
  "5.4.0":"https://dl.google.com/dl/firebase/ios/carthage/5.4.0/Invites-adb66c8ca5b53478.zip",
  "5.18.2":"https://dl.google.com/dl/firebase/ios/carthage/5.18.2/Invites-20dc106f9b261f75.zip",
  "5.18.1":"https://dl.google.com/dl/firebase/ios/carthage/5.18.1/Invites-290aab753b1e4df8.zip",
  "5.16.0":"https://dl.google.com/dl/firebase/ios/carthage/5.16.0/Invites-70fc261b3b77beae.zip",
  "5.19.0":"https://dl.google.com/dl/firebase/ios/carthage/5.19.0/Invites-68694411792e18fd.zip",
  "5.10.0":"https://dl.google.com/dl/firebase/ios/carthage/5.10.0/Invites-69427b2e8d435ef3.zip",
  "5.15.0":"https://dl.google.com/dl/firebase/ios/carthage/5.15.0/Invites-7d5a72dee11d468a.zip",
  "5.11.0":"https://dl.google.com/dl/firebase/ios/carthage/5.11.0/Invites-a20ba952f3c8c13d.zip",
  "5.8.0":"https://dl.google.com/dl/firebase/ios/carthage/5.8.0/Invites-2143ea44cbbf74ba.zip",
  "5.14.0":"https://dl.google.com/dl/firebase/ios/carthage/5.14.0/Invites-0644bea35d954099.zip",
  "5.12.0":"https://dl.google.com/dl/firebase/ios/carthage/5.12.0/Invites-ff24d7c58b249b10.zip",
  "5.13.0":"https://dl.google.com/dl/firebase/ios/carthage/5.13.0/Invites-127fe1ea5496207d.zip",
  "4.11.0":"https://dl.google.com/dl/firebase/ios/carthage/4.11.0/Invites-e7383db647b8c875.zip",
  "5.2.0":"https://dl.google.com/dl/firebase/ios/carthage/5.2.0/Invites-807f43a6064b6f29.zip",
  "4.9.0":"https://dl.google.com/dl/firebase/ios/carthage/4.9.0/Invites-91770272b87dbdab.zip",
  "5.3.0":"https://dl.google.com/dl/firebase/ios/carthage/5.3.0/Invites-beaf09b0df772ff1.zip",
  "5.0.0":"https://dl.google.com/dl/firebase/ios/carthage/5.0.0/Invites-ee68a84595484708.zip",
  "5.0.1":"https://dl.google.com/dl/firebase/ios/carthage/5.0.1/Invites-c9c8d6b53c39d63c.zip",
  "5.1.0":"https://dl.google.com/dl/firebase/ios/carthage/5.1.0/Invites-c3429e8d01741332.zip",
  "5.20.0":"https://dl.google.com/dl/firebase/ios/carthage/5.20.0/Invites-88976b227fc7b3cd.zip",
  "5.6.0":"https://dl.google.com/dl/firebase/ios/carthage/5.6.0/Invites-8ba1a6308feff583.zip"
}