{
  "10.0.0": "https://dl.google.com/dl/firebase/ios/carthage/10.0.0/FirebaseRemoteConfig-8b8836adfb7eec2e.zip",
  "10.1.0": "https://dl.google.com/dl/firebase/ios/carthage/10.1.0/FirebaseRemoteConfig-b71a3f5bc20825f7.zip",
  "10.10.0": "https://dl.google.com/dl/firebase/ios/carthage/10.10.0/FirebaseRemoteConfig-7266f96e3df8c3fa.zip",
  "10.11.0": "https://dl.google.com/dl/firebase/ios/carthage/10.11.0/FirebaseRemoteConfig-c9c1d5e3a40680b7.zip",
  "10.12.0": "https://dl.google.com/dl/firebase/ios/carthage/10.12.0/FirebaseRemoteConfig-5f674765d3f0802e.zip",
  "10.13.0": "https://dl.google.com/dl/firebase/ios/carthage/10.13.0/FirebaseRemoteConfig-1a05f2d4efb9c32a.zip",
  "10.14.0": "https://dl.google.com/dl/firebase/ios/carthage/10.14.0/FirebaseRemoteConfig-6af60efeadb8def2.zip",
  "10.15.0": "https://dl.google.com/dl/firebase/ios/carthage/10.15.0/FirebaseRemoteConfig-ca28d1e53cbc1f1a.zip",
  "10.16.0": "https://dl.google.com/dl/firebase/ios/carthage/10.16.0/FirebaseRemoteConfig-c1b98613292e04f1.zip",
  "10.17.0": "https://dl.google.com/dl/firebase/ios/carthage/10.17.0/FirebaseRemoteConfig-1e96adad926e160d.zip",
  "10.18.0": "https://dl.google.com/dl/firebase/ios/carthage/10.18.0/FirebaseRemoteConfig-2d73f0e2258c7ac5.zip",
  "10.19.0": "https://dl.google.com/dl/firebase/ios/carthage/10.19.0/FirebaseRemoteConfig-13b390a0fae2a496.zip",
  "10.2.0": "https://dl.google.com/dl/firebase/ios/carthage/10.2.0/FirebaseRemoteConfig-45a7f541a654884c.zip",
  "10.20.0": "https://dl.google.com/dl/firebase/ios/carthage/10.20.0/FirebaseRemoteConfig-44d640335ebdfea7.zip",
  "10.21.0": "https://dl.google.com/dl/firebase/ios/carthage/10.21.0/FirebaseRemoteConfig-933eae5291c343cc.zip",
  "10.22.0": "https://dl.google.com/dl/firebase/ios/carthage/10.22.0/FirebaseRemoteConfig-be4764f1b3e07c4f.zip",
  "10.23.0": "https://dl.google.com/dl/firebase/ios/carthage/10.23.0/FirebaseRemoteConfig-33cb2acece724af5.zip",
  "10.24.0": "https://dl.google.com/dl/firebase/ios/carthage/10.24.0/FirebaseRemoteConfig-8ebff21169280a12.zip",
  "10.25.0": "https://dl.google.com/dl/firebase/ios/carthage/10.25.0/FirebaseRemoteConfig-93bad5de6b479bb5.zip",
  "10.27.0": "https://dl.google.com/dl/firebase/ios/carthage/10.27.0/FirebaseRemoteConfig-70f13aecff6c35d7.zip",
  "10.28.0": "https://dl.google.com/dl/firebase/ios/carthage/10.28.0/FirebaseRemoteConfig-bb8658d3f69938cb.zip",
  "10.29.0": "https://dl.google.com/dl/firebase/ios/carthage/10.29.0/FirebaseRemoteConfig-c3eb675725bafdb6.zip",
  "10.3.0": "https://dl.google.com/dl/firebase/ios/carthage/10.3.0/FirebaseRemoteConfig-edd1b427b8bbe782.zip",
  "10.4.0": "https://dl.google.com/dl/firebase/ios/carthage/10.4.0/FirebaseRemoteConfig-10b62ee5663aaab3.zip",
  "10.5.0": "https://dl.google.com/dl/firebase/ios/carthage/10.5.0/FirebaseRemoteConfig-2237eb5fcd4a4525.zip",
  "10.6.0": "https://dl.google.com/dl/firebase/ios/carthage/10.6.0/FirebaseRemoteConfig-58b3a9d6d2e984a3.zip",
  "10.7.0": "https://dl.google.com/dl/firebase/ios/carthage/10.7.0/FirebaseRemoteConfig-d22b71a51699e99e.zip",
  "10.8.0": "https://dl.google.com/dl/firebase/ios/carthage/10.8.0/FirebaseRemoteConfig-3aac6f26a0bf5494.zip",
  "10.9.0": "https://dl.google.com/dl/firebase/ios/carthage/10.9.0/FirebaseRemoteConfig-b613ce2eed93cfc5.zip",
  "11.0.0": "https://dl.google.com/dl/firebase/ios/carthage/11.0.0/FirebaseRemoteConfig-cda0d6b61b66f8e2.zip",
  "11.1.0": "https://dl.google.com/dl/firebase/ios/carthage/11.1.0/FirebaseRemoteConfig-bf6cbcdd97aa9c46.zip",
  "11.2.0": "https://dl.google.com/dl/firebase/ios/carthage/11.2.0/FirebaseRemoteConfig-9a298869ce3cc6db.zip",
  "11.3.0": "https://dl.google.com/dl/firebase/ios/carthage/11.3.0/FirebaseRemoteConfig-940ed38696414882.zip",
  "11.4.0": "https://dl.google.com/dl/firebase/ios/carthage/11.4.0/FirebaseRemoteConfig-ec432e976582d0eb.zip",
  "11.5.0": "https://dl.google.com/dl/firebase/ios/carthage/11.5.0/FirebaseRemoteConfig-672acb139b4848ef.zip",
  "4.11.0": "https://dl.google.com/dl/firebase/ios/carthage/4.11.0/RemoteConfig-7e9635365ccd4a17.zip",
  "4.12.0": "https://dl.google.com/dl/firebase/ios/carthage/4.12.0/RemoteConfig-e7928fcb6311c439.zip",
  "4.9.0": "https://dl.google.com/dl/firebase/ios/carthage/4.9.0/RemoteConfig-9ab1ca5f360a1780.zip",
  "5.0.0": "https://dl.google.com/dl/firebase/ios/carthage/5.0.0/RemoteConfig-017b470ac90fc11c.zip",
  "5.0.1": "https://dl.google.com/dl/firebase/ios/carthage/5.0.1/RemoteConfig-987c2549a9bba95c.zip",
  "5.1.0": "https://dl.google.com/dl/firebase/ios/carthage/5.1.0/RemoteConfig-9f1ffb83a992b57e.zip",
  "5.10.0": "https://dl.google.com/dl/firebase/ios/carthage/5.10.0/RemoteConfig-0d315d38ea71c3ae.zip",
  "5.11.0": "https://dl.google.com/dl/firebase/ios/carthage/5.11.0/RemoteConfig-227ab67da4105cae.zip",
  "5.12.0": "https://dl.google.com/dl/firebase/ios/carthage/5.12.0/RemoteConfig-d240dd90199c23ca.zip",
  "5.13.0": "https://dl.google.com/dl/firebase/ios/carthage/5.13.0/RemoteConfig-7ec4c8bf67594628.zip",
  "5.14.0": "https://dl.google.com/dl/firebase/ios/carthage/5.14.0/RemoteConfig-227ab67da4105cae.zip",
  "5.15.0": "https://dl.google.com/dl/firebase/ios/carthage/5.15.0/RemoteConfig-7ec4c8bf67594628.zip",
  "5.16.0": "https://dl.google.com/dl/firebase/ios/carthage/5.16.0/RemoteConfig-7ec4c8bf67594628.zip",
  "5.17.0": "https://dl.google.com/dl/firebase/ios/carthage/5.17.0/RemoteConfig-807aad4bbfcde53f.zip",
  "5.18.1": "https://dl.google.com/dl/firebase/ios/carthage/5.18.1/RemoteConfig-2b5f0599d775b984.zip",
  "5.18.2": "https://dl.google.com/dl/firebase/ios/carthage/5.18.2/RemoteConfig-2b5f0599d775b984.zip",
  "5.19.0": "https://dl.google.com/dl/firebase/ios/carthage/5.19.0/RemoteConfig-42f1116558e84ccb.zip",
  "5.2.0": "https://dl.google.com/dl/firebase/ios/carthage/5.2.0/RemoteConfig-987c2549a9bba95c.zip",
  "5.20.0": "https://dl.google.com/dl/firebase/ios/carthage/5.20.0/RemoteConfig-42f1116558e84ccb.zip",
  "5.3.0": "https://dl.google.com/dl/firebase/ios/carthage/5.3.0/RemoteConfig-2dbe327ca651eb9e.zip",
  "5.4.0": "https://dl.google.com/dl/firebase/ios/carthage/5.4.0/RemoteConfig-7de634cd694b8e37.zip",
  "5.6.0": "https://dl.google.com/dl/firebase/ios/carthage/5.6.0/RemoteConfig-2d2cbf191d6781b2.zip",
  "5.8.0": "https://dl.google.com/dl/firebase/ios/carthage/5.8.0/RemoteConfig-2d2cbf191d6781b2.zip",
  "6.0.0": "https://dl.google.com/dl/firebase/ios/carthage/6.0.0/RemoteConfig-3801a4eee00dedb9.zip",
  "6.1.0": "https://dl.google.com/dl/firebase/ios/carthage/6.1.0/RemoteConfig-0348e68e10654a65.zip",
  "6.10.0": "https://dl.google.com/dl/firebase/ios/carthage/6.10.0/RemoteConfig-078f22319579a85a.zip",
  "6.11.0": "https://dl.google.com/dl/firebase/ios/carthage/6.11.0/RemoteConfig-a5ef5439d7feab8d.zip",
  "6.12.0": "https://dl.google.com/dl/firebase/ios/carthage/6.12.0/RemoteConfig-91df3efdf1be5494.zip",
  "6.13.0": "https://dl.google.com/dl/firebase/ios/carthage/6.13.0/RemoteConfig-70283dacec2e2e1a.zip",
  "6.14.0": "https://dl.google.com/dl/firebase/ios/carthage/6.14.0/FirebaseRemoteConfig-120e0a49b8ce6f4d.zip",
  "6.15.0": "https://dl.google.com/dl/firebase/ios/carthage/6.15.0/FirebaseRemoteConfig-40d89c692c1e0418.zip",
  "6.16.0": "https://dl.google.com/dl/firebase/ios/carthage/6.16.0/FirebaseRemoteConfig-f6fb74758c4cb0e6.zip",
  "6.17.0": "https://dl.google.com/dl/firebase/ios/carthage/6.17.0/FirebaseRemoteConfig-31f3b22e15f77767.zip",
  "6.18.0": "https://dl.google.com/dl/firebase/ios/carthage/6.18.0/FirebaseRemoteConfig-a1eb6157d3421fee.zip",
  "6.19.0": "https://dl.google.com/dl/firebase/ios/carthage/6.19.0/FirebaseRemoteConfig-8340fa5b984c83b4.zip",
  "6.2.0": "https://dl.google.com/dl/firebase/ios/carthage/6.2.0/RemoteConfig-754d18758fc1d221.zip",
  "6.21.0": "https://dl.google.com/dl/firebase/ios/carthage/6.21.0/FirebaseRemoteConfig-3f2b8ebad8d5e1d0.zip",
  "6.22.0": "https://dl.google.com/dl/firebase/ios/carthage/6.22.0/FirebaseRemoteConfig-38eecc1dab44e1ee.zip",
  "6.23.0": "https://dl.google.com/dl/firebase/ios/carthage/6.23.0/FirebaseRemoteConfig-6631b5244a55b3b4.zip",
  "6.24.0": "https://dl.google.com/dl/firebase/ios/carthage/6.24.0/FirebaseRemoteConfig-2542cb113655100f.zip",
  "6.26.0": "https://dl.google.com/dl/firebase/ios/carthage/6.26.0/FirebaseRemoteConfig-d537284a389a779d.zip",
  "6.27.0": "https://dl.google.com/dl/firebase/ios/carthage/6.27.0/FirebaseRemoteConfig-98086e13c53f1eaf.zip",
  "6.28.1": "https://dl.google.com/dl/firebase/ios/carthage/6.28.1/FirebaseRemoteConfig-6475f8dcb7a17e18.zip",
  "6.29.0": "https://dl.google.com/dl/firebase/ios/carthage/6.29.0/FirebaseRemoteConfig-9a7a2d4e9f0f628c.zip",
  "6.3.0": "https://dl.google.com/dl/firebase/ios/carthage/6.3.0/RemoteConfig-10f7da8efe8af112.zip",
  "6.30.0": "https://dl.google.com/dl/firebase/ios/carthage/6.30.0/FirebaseRemoteConfig-f2d898842d0e2beb.zip",
  "6.31.0": "https://dl.google.com/dl/firebase/ios/carthage/6.31.0/FirebaseRemoteConfig-2fb27246d7fdbbe1.zip",
  "6.32.0": "https://dl.google.com/dl/firebase/ios/carthage/6.32.0/FirebaseRemoteConfig-93bc98ff268c091f.zip",
  "6.33.0": "https://dl.google.com/dl/firebase/ios/carthage/6.33.0/FirebaseRemoteConfig-cfe18c4c55d73bca.zip",
  "6.34.0": "https://dl.google.com/dl/firebase/ios/carthage/6.34.0/FirebaseRemoteConfig-29331baf39fbc561.zip",
  "6.4.0": "https://dl.google.com/dl/firebase/ios/carthage/6.4.0/RemoteConfig-092685c44b88da86.zip",
  "6.5.0": "https://dl.google.com/dl/firebase/ios/carthage/6.5.0/RemoteConfig-00f85e6f1217cdc2.zip",
  "6.6.0": "https://dl.google.com/dl/firebase/ios/carthage/6.6.0/RemoteConfig-2487ce93e91edaa1.zip",
  "6.7.0": "https://dl.google.com/dl/firebase/ios/carthage/6.7.0/RemoteConfig-a37fdaf25529239e.zip",
  "6.8.0": "https://dl.google.com/dl/firebase/ios/carthage/6.8.0/RemoteConfig-7f64cf6c4177f00d.zip",
  "6.8.1": "https://dl.google.com/dl/firebase/ios/carthage/6.8.1/RemoteConfig-5d7322c348eb8cec.zip",
  "6.9.0": "https://dl.google.com/dl/firebase/ios/carthage/6.9.0/RemoteConfig-0ab657a96db38f5c.zip",
  "7.0.0": "https://dl.google.com/dl/firebase/ios/carthage/7.0.0/FirebaseRemoteConfig-fd73c2fe09019b6e.zip",
  "7.1.0": "https://dl.google.com/dl/firebase/ios/carthage/7.1.0/FirebaseRemoteConfig-14837cc28fa78dfb.zip",
  "7.10.0": "https://dl.google.com/dl/firebase/ios/carthage/7.10.0/FirebaseRemoteConfig-6d2ca0857b740bff.zip",
  "7.11.0": "https://dl.google.com/dl/firebase/ios/carthage/7.11.0/FirebaseRemoteConfig-13d0dbd19905d62f.zip",
  "7.3.0": "https://dl.google.com/dl/firebase/ios/carthage/7.3.0/FirebaseRemoteConfig-932cdb5ec467309d.zip",
  "7.4.0": "https://dl.google.com/dl/firebase/ios/carthage/7.4.0/FirebaseRemoteConfig-90b9189cee05ed03.zip",
  "7.5.0": "https://dl.google.com/dl/firebase/ios/carthage/7.5.0/FirebaseRemoteConfig-c1277debf683070a.zip",
  "7.6.0": "https://dl.google.com/dl/firebase/ios/carthage/7.6.0/FirebaseRemoteConfig-f1ff5abf97a49deb.zip",
  "7.7.0": "https://dl.google.com/dl/firebase/ios/carthage/7.7.0/FirebaseRemoteConfig-5774eaf72ab4cd58.zip",
  "7.8.0": "https://dl.google.com/dl/firebase/ios/carthage/7.8.0/FirebaseRemoteConfig-10ebd4888b91c8f1.zip",
  "8.0.0": "https://dl.google.com/dl/firebase/ios/carthage/8.0.0/FirebaseRemoteConfig-a87a1dbfeadde790.zip",
  "8.1.0": "https://dl.google.com/dl/firebase/ios/carthage/8.1.0/FirebaseRemoteConfig-d7195c7949cddf65.zip",
  "8.10.0": "https://dl.google.com/dl/firebase/ios/carthage/8.10.0/FirebaseRemoteConfig-2cd733e5e1df68a6.zip",
  "8.11.0": "https://dl.google.com/dl/firebase/ios/carthage/8.11.0/FirebaseRemoteConfig-ebc48b4ce78120fc.zip",
  "8.12.1": "https://dl.google.com/dl/firebase/ios/carthage/8.12.1/FirebaseRemoteConfig-1dcb0f7b59b76367.zip",
  "8.13.0": "https://dl.google.com/dl/firebase/ios/carthage/8.13.0/FirebaseRemoteConfig-057b5a7bd18e503a.zip",
  "8.14.0": "https://dl.google.com/dl/firebase/ios/carthage/8.14.0/FirebaseRemoteConfig-ce5ae220c566bd99.zip",
  "8.15.0": "https://dl.google.com/dl/firebase/ios/carthage/8.15.0/FirebaseRemoteConfig-0dd075661b008ac6.zip",
  "8.2.0": "https://dl.google.com/dl/firebase/ios/carthage/8.2.0/FirebaseRemoteConfig-8b2684df93fd5a6b.zip",
  "8.3.0": "https://dl.google.com/dl/firebase/ios/carthage/8.3.0/FirebaseRemoteConfig-dd3d21c37fcee32e.zip",
  "8.4.0": "https://dl.google.com/dl/firebase/ios/carthage/8.4.0/FirebaseRemoteConfig-4826058d7111d2b0.zip",
  "8.5.0": "https://dl.google.com/dl/firebase/ios/carthage/8.5.0/FirebaseRemoteConfig-2e750dbd57e34ee9.zip",
  "8.6.0": "https://dl.google.com/dl/firebase/ios/carthage/8.6.0/FirebaseRemoteConfig-ce6f7d70b5a1e0bb.zip",
  "8.7.0": "https://dl.google.com/dl/firebase/ios/carthage/8.7.0/FirebaseRemoteConfig-52368aa29c7d971a.zip",
  "8.8.0": "https://dl.google.com/dl/firebase/ios/carthage/8.8.0/FirebaseRemoteConfig-d74a35b92e211b59.zip",
  "8.9.0": "https://dl.google.com/dl/firebase/ios/carthage/8.9.0/FirebaseRemoteConfig-8037c7da3a79999a.zip",
  "8.9.1": "https://dl.google.com/dl/firebase/ios/carthage/8.9.1/FirebaseRemoteConfig-84a4820400ef8536.zip",
  "9.0.0": "https://dl.google.com/dl/firebase/ios/carthage/9.0.0/FirebaseRemoteConfig-3f0ea7cbadd6d95c.zip",
  "9.1.0": "https://dl.google.com/dl/firebase/ios/carthage/9.1.0/FirebaseRemoteConfig-1e1634b9104255c7.zip",
  "9.2.0": "https://dl.google.com/dl/firebase/ios/carthage/9.2.0/FirebaseRemoteConfig-fdf4ea2d26494e3a.zip",
  "9.3.0": "https://dl.google.com/dl/firebase/ios/carthage/9.3.0/FirebaseRemoteConfig-f0d079f9bc3a3e9f.zip",
  "9.4.0": "https://dl.google.com/dl/firebase/ios/carthage/9.4.0/FirebaseRemoteConfig-b2bc858e715d942c.zip",
  "9.5.0": "https://dl.google.com/dl/firebase/ios/carthage/9.5.0/FirebaseRemoteConfig-20be4ec1a53a2e96.zip",
  "9.6.0": "https://dl.google.com/dl/firebase/ios/carthage/9.6.0/FirebaseRemoteConfig-12a1096a86adfa07.zip"
}
