{
  "10.0.0": "https://dl.google.com/dl/firebase/ios/carthage/10.0.0/FirebaseMessaging-31a5d25e099280b3.zip",
  "10.1.0": "https://dl.google.com/dl/firebase/ios/carthage/10.1.0/FirebaseMessaging-90c34382a1b9958b.zip",
  "10.10.0": "https://dl.google.com/dl/firebase/ios/carthage/10.10.0/FirebaseMessaging-4483e7eb0a3e5db6.zip",
  "10.11.0": "https://dl.google.com/dl/firebase/ios/carthage/10.11.0/FirebaseMessaging-ac2a3089cbb4c255.zip",
  "10.12.0": "https://dl.google.com/dl/firebase/ios/carthage/10.12.0/FirebaseMessaging-afb79c1eb2a91ccc.zip",
  "10.13.0": "https://dl.google.com/dl/firebase/ios/carthage/10.13.0/FirebaseMessaging-a94ccc1db3963286.zip",
  "10.14.0": "https://dl.google.com/dl/firebase/ios/carthage/10.14.0/FirebaseMessaging-02594ad816463483.zip",
  "10.15.0": "https://dl.google.com/dl/firebase/ios/carthage/10.15.0/FirebaseMessaging-7ecfda5475cfc99a.zip",
  "10.16.0": "https://dl.google.com/dl/firebase/ios/carthage/10.16.0/FirebaseMessaging-f4f6950ceaf17152.zip",
  "10.17.0": "https://dl.google.com/dl/firebase/ios/carthage/10.17.0/FirebaseMessaging-a96ded484b5b6f2e.zip",
  "10.18.0": "https://dl.google.com/dl/firebase/ios/carthage/10.18.0/FirebaseMessaging-c6e5b81bc953e88f.zip",
  "10.19.0": "https://dl.google.com/dl/firebase/ios/carthage/10.19.0/FirebaseMessaging-536acbc043d0e42a.zip",
  "10.2.0": "https://dl.google.com/dl/firebase/ios/carthage/10.2.0/FirebaseMessaging-289a04c85f7e771d.zip",
  "10.20.0": "https://dl.google.com/dl/firebase/ios/carthage/10.20.0/FirebaseMessaging-236bb6f578c05ed1.zip",
  "10.21.0": "https://dl.google.com/dl/firebase/ios/carthage/10.21.0/FirebaseMessaging-4a481ad8d3446844.zip",
  "10.22.0": "https://dl.google.com/dl/firebase/ios/carthage/10.22.0/FirebaseMessaging-812bc4f1c2d27e93.zip",
  "10.23.0": "https://dl.google.com/dl/firebase/ios/carthage/10.23.0/FirebaseMessaging-3289b9f5d636eda0.zip",
  "10.24.0": "https://dl.google.com/dl/firebase/ios/carthage/10.24.0/FirebaseMessaging-d1e21fc776fa88ed.zip",
  "10.25.0": "https://dl.google.com/dl/firebase/ios/carthage/10.25.0/FirebaseMessaging-e6c8a212895199fa.zip",
  "10.27.0": "https://dl.google.com/dl/firebase/ios/carthage/10.27.0/FirebaseMessaging-d86ddfbb5cf01c0c.zip",
  "10.28.0": "https://dl.google.com/dl/firebase/ios/carthage/10.28.0/FirebaseMessaging-e9a0de34fb03ce6c.zip",
  "10.29.0": "https://dl.google.com/dl/firebase/ios/carthage/10.29.0/FirebaseMessaging-a7f41b8d94c919e7.zip",
  "10.3.0": "https://dl.google.com/dl/firebase/ios/carthage/10.3.0/FirebaseMessaging-59ef1cc63c660712.zip",
  "10.4.0": "https://dl.google.com/dl/firebase/ios/carthage/10.4.0/FirebaseMessaging-76c02a69e3fe1008.zip",
  "10.5.0": "https://dl.google.com/dl/firebase/ios/carthage/10.5.0/FirebaseMessaging-439a17dcc8b8172b.zip",
  "10.6.0": "https://dl.google.com/dl/firebase/ios/carthage/10.6.0/FirebaseMessaging-7c95dd37771cfcaf.zip",
  "10.7.0": "https://dl.google.com/dl/firebase/ios/carthage/10.7.0/FirebaseMessaging-159709b68b1e73f0.zip",
  "10.8.0": "https://dl.google.com/dl/firebase/ios/carthage/10.8.0/FirebaseMessaging-3ba7b7fc7eb0ea0d.zip",
  "10.9.0": "https://dl.google.com/dl/firebase/ios/carthage/10.9.0/FirebaseMessaging-908395d688c14419.zip",
  "11.0.0": "https://dl.google.com/dl/firebase/ios/carthage/11.0.0/FirebaseMessaging-31823941cc0a4e8c.zip",
  "11.1.0": "https://dl.google.com/dl/firebase/ios/carthage/11.1.0/FirebaseMessaging-3edcc27744f3aa8e.zip",
  "11.2.0": "https://dl.google.com/dl/firebase/ios/carthage/11.2.0/FirebaseMessaging-70e63bb9d9590ded.zip",
  "11.3.0": "https://dl.google.com/dl/firebase/ios/carthage/11.3.0/FirebaseMessaging-8a39834fead3c581.zip",
  "11.4.0": "https://dl.google.com/dl/firebase/ios/carthage/11.4.0/FirebaseMessaging-2d09725e8b98d199.zip",
  "11.5.0": "https://dl.google.com/dl/firebase/ios/carthage/11.5.0/FirebaseMessaging-984ae5d3101abc86.zip",
  "4.11.0": "https://dl.google.com/dl/firebase/ios/carthage/4.11.0/Messaging-a22ef2b5f2f30f82.zip",
  "4.12.0": "https://dl.google.com/dl/firebase/ios/carthage/4.12.0/Messaging-94fa4e090c7e9185.zip",
  "4.9.0": "https://dl.google.com/dl/firebase/ios/carthage/4.9.0/Messaging-2a00a1c64a19d176.zip",
  "5.0.0": "https://dl.google.com/dl/firebase/ios/carthage/5.0.0/Messaging-04d24761b9dbe3e8.zip",
  "5.0.1": "https://dl.google.com/dl/firebase/ios/carthage/5.0.1/Messaging-8233bca909767d33.zip",
  "5.1.0": "https://dl.google.com/dl/firebase/ios/carthage/5.1.0/Messaging-5f32a54683d33732.zip",
  "5.10.0": "https://dl.google.com/dl/firebase/ios/carthage/5.10.0/Messaging-a6282583a58ab4f7.zip",
  "5.11.0": "https://dl.google.com/dl/firebase/ios/carthage/5.11.0/Messaging-bde1a720e36c9dfa.zip",
  "5.12.0": "https://dl.google.com/dl/firebase/ios/carthage/5.12.0/Messaging-4d156ab1b7b16c16.zip",
  "5.13.0": "https://dl.google.com/dl/firebase/ios/carthage/5.13.0/Messaging-2065af2d09f31728.zip",
  "5.14.0": "https://dl.google.com/dl/firebase/ios/carthage/5.14.0/Messaging-be6329bc5b57edcc.zip",
  "5.15.0": "https://dl.google.com/dl/firebase/ios/carthage/5.15.0/Messaging-ad01108640ac90c1.zip",
  "5.16.0": "https://dl.google.com/dl/firebase/ios/carthage/5.16.0/Messaging-093b7ab5d4a35b05.zip",
  "5.17.0": "https://dl.google.com/dl/firebase/ios/carthage/5.17.0/Messaging-d65ee49afcc7217b.zip",
  "5.18.1": "https://dl.google.com/dl/firebase/ios/carthage/5.18.1/Messaging-2455157b36c5782e.zip",
  "5.18.2": "https://dl.google.com/dl/firebase/ios/carthage/5.18.2/Messaging-54e91659c9cebb5d.zip",
  "5.19.0": "https://dl.google.com/dl/firebase/ios/carthage/5.19.0/Messaging-e94cb8d1632a4070.zip",
  "5.2.0": "https://dl.google.com/dl/firebase/ios/carthage/5.2.0/Messaging-4029007db6325be3.zip",
  "5.20.0": "https://dl.google.com/dl/firebase/ios/carthage/5.20.0/Messaging-d3673b7c5d795ee6.zip",
  "5.3.0": "https://dl.google.com/dl/firebase/ios/carthage/5.3.0/Messaging-e2d79ee7f4c812b6.zip",
  "5.4.0": "https://dl.google.com/dl/firebase/ios/carthage/5.4.0/Messaging-e1230764e953b344.zip",
  "5.6.0": "https://dl.google.com/dl/firebase/ios/carthage/5.6.0/Messaging-a1bdcc2c44480c82.zip",
  "5.8.0": "https://dl.google.com/dl/firebase/ios/carthage/5.8.0/Messaging-1ac430ddeaa4a66b.zip",
  "6.0.0": "https://dl.google.com/dl/firebase/ios/carthage/6.0.0/Messaging-b3c8d5fc2a7077a8.zip",
  "6.1.0": "https://dl.google.com/dl/firebase/ios/carthage/6.1.0/Messaging-62bacb7da5df900c.zip",
  "6.10.0": "https://dl.google.com/dl/firebase/ios/carthage/6.10.0/Messaging-a7baff2b6b81bd2e.zip",
  "6.11.0": "https://dl.google.com/dl/firebase/ios/carthage/6.11.0/Messaging-fea4a87f3cacf630.zip",
  "6.12.0": "https://dl.google.com/dl/firebase/ios/carthage/6.12.0/Messaging-0f638150641fb73a.zip",
  "6.13.0": "https://dl.google.com/dl/firebase/ios/carthage/6.13.0/Messaging-ac25a17fe35ad01f.zip",
  "6.14.0": "https://dl.google.com/dl/firebase/ios/carthage/6.14.0/FirebaseMessaging-61e33c6531a29193.zip",
  "6.15.0": "https://dl.google.com/dl/firebase/ios/carthage/6.15.0/FirebaseMessaging-4e0df8fabe30cbad.zip",
  "6.16.0": "https://dl.google.com/dl/firebase/ios/carthage/6.16.0/FirebaseMessaging-1d71f8fad9b967c8.zip",
  "6.17.0": "https://dl.google.com/dl/firebase/ios/carthage/6.17.0/FirebaseMessaging-c57832270dd39e72.zip",
  "6.18.0": "https://dl.google.com/dl/firebase/ios/carthage/6.18.0/FirebaseMessaging-f11b2ed2e800100d.zip",
  "6.19.0": "https://dl.google.com/dl/firebase/ios/carthage/6.19.0/FirebaseMessaging-23b89f73add50c0c.zip",
  "6.2.0": "https://dl.google.com/dl/firebase/ios/carthage/6.2.0/Messaging-50fdfda4a92c231c.zip",
  "6.21.0": "https://dl.google.com/dl/firebase/ios/carthage/6.21.0/FirebaseMessaging-b06f0653af79fb39.zip",
  "6.22.0": "https://dl.google.com/dl/firebase/ios/carthage/6.22.0/FirebaseMessaging-d1e45e4614810cdb.zip",
  "6.23.0": "https://dl.google.com/dl/firebase/ios/carthage/6.23.0/FirebaseMessaging-247ec1ae1ce48179.zip",
  "6.24.0": "https://dl.google.com/dl/firebase/ios/carthage/6.24.0/FirebaseMessaging-489f094cff3c346a.zip",
  "6.26.0": "https://dl.google.com/dl/firebase/ios/carthage/6.26.0/FirebaseMessaging-57e44f42fecf02e8.zip",
  "6.27.0": "https://dl.google.com/dl/firebase/ios/carthage/6.27.0/FirebaseMessaging-19d9fa6dfc8c9a18.zip",
  "6.28.1": "https://dl.google.com/dl/firebase/ios/carthage/6.28.1/FirebaseMessaging-526fe211dddb3009.zip",
  "6.29.0": "https://dl.google.com/dl/firebase/ios/carthage/6.29.0/FirebaseMessaging-ae5808edfc2f2d7a.zip",
  "6.3.0": "https://dl.google.com/dl/firebase/ios/carthage/6.3.0/Messaging-fe3d3bc467fb3f39.zip",
  "6.30.0": "https://dl.google.com/dl/firebase/ios/carthage/6.30.0/FirebaseMessaging-94f0bc20b81c2226.zip",
  "6.31.0": "https://dl.google.com/dl/firebase/ios/carthage/6.31.0/FirebaseMessaging-3a9c7c13f820f16c.zip",
  "6.32.0": "https://dl.google.com/dl/firebase/ios/carthage/6.32.0/FirebaseMessaging-8502af76d87e2b27.zip",
  "6.33.0": "https://dl.google.com/dl/firebase/ios/carthage/6.33.0/FirebaseMessaging-27bdae0457701b79.zip",
  "6.34.0": "https://dl.google.com/dl/firebase/ios/carthage/6.34.0/FirebaseMessaging-a943136a2a68aac8.zip",
  "6.4.0": "https://dl.google.com/dl/firebase/ios/carthage/6.4.0/Messaging-616049b1ebd8b823.zip",
  "6.5.0": "https://dl.google.com/dl/firebase/ios/carthage/6.5.0/Messaging-ff0895cfe1e3e783.zip",
  "6.6.0": "https://dl.google.com/dl/firebase/ios/carthage/6.6.0/Messaging-036b284a5834fa2c.zip",
  "6.7.0": "https://dl.google.com/dl/firebase/ios/carthage/6.7.0/Messaging-a0173da6f9854f69.zip",
  "6.8.0": "https://dl.google.com/dl/firebase/ios/carthage/6.8.0/Messaging-d65ed3d1db1d6c49.zip",
  "6.8.1": "https://dl.google.com/dl/firebase/ios/carthage/6.8.1/Messaging-35c139cea5573795.zip",
  "6.9.0": "https://dl.google.com/dl/firebase/ios/carthage/6.9.0/Messaging-68d837c85cebbf4c.zip",
  "7.0.0": "https://dl.google.com/dl/firebase/ios/carthage/7.0.0/FirebaseMessaging-0a5587ab2ae8f70a.zip",
  "7.1.0": "https://dl.google.com/dl/firebase/ios/carthage/7.1.0/FirebaseMessaging-43020e6aade447cb.zip",
  "7.10.0": "https://dl.google.com/dl/firebase/ios/carthage/7.10.0/FirebaseMessaging-9c3ef80c97930f54.zip",
  "7.11.0": "https://dl.google.com/dl/firebase/ios/carthage/7.11.0/FirebaseMessaging-5125ea6f3a76f5e0.zip",
  "7.3.0": "https://dl.google.com/dl/firebase/ios/carthage/7.3.0/FirebaseMessaging-ffb903d83d0e2047.zip",
  "7.4.0": "https://dl.google.com/dl/firebase/ios/carthage/7.4.0/FirebaseMessaging-c1adaeb3e71924bb.zip",
  "7.5.0": "https://dl.google.com/dl/firebase/ios/carthage/7.5.0/FirebaseMessaging-2c95f76f4fcd0d82.zip",
  "7.6.0": "https://dl.google.com/dl/firebase/ios/carthage/7.6.0/FirebaseMessaging-85982036ad9f6d2c.zip",
  "7.7.0": "https://dl.google.com/dl/firebase/ios/carthage/7.7.0/FirebaseMessaging-5fbeafb6d91b1e29.zip",
  "7.8.0": "https://dl.google.com/dl/firebase/ios/carthage/7.8.0/FirebaseMessaging-0de4c5bf673a7052.zip",
  "8.0.0": "https://dl.google.com/dl/firebase/ios/carthage/8.0.0/FirebaseMessaging-81be6b17214fe3d7.zip",
  "8.1.0": "https://dl.google.com/dl/firebase/ios/carthage/8.1.0/FirebaseMessaging-2be015a4229d6e37.zip",
  "8.10.0": "https://dl.google.com/dl/firebase/ios/carthage/8.10.0/FirebaseMessaging-3ae0fe485844db91.zip",
  "8.11.0": "https://dl.google.com/dl/firebase/ios/carthage/8.11.0/FirebaseMessaging-d738c6d24adf360e.zip",
  "8.12.1": "https://dl.google.com/dl/firebase/ios/carthage/8.12.1/FirebaseMessaging-b77ddaf32ac13d14.zip",
  "8.13.0": "https://dl.google.com/dl/firebase/ios/carthage/8.13.0/FirebaseMessaging-4c972725ba5f4a91.zip",
  "8.14.0": "https://dl.google.com/dl/firebase/ios/carthage/8.14.0/FirebaseMessaging-f890f1a83db69f84.zip",
  "8.15.0": "https://dl.google.com/dl/firebase/ios/carthage/8.15.0/FirebaseMessaging-705df27794f68ff1.zip",
  "8.2.0": "https://dl.google.com/dl/firebase/ios/carthage/8.2.0/FirebaseMessaging-946d5fbec839a8c0.zip",
  "8.3.0": "https://dl.google.com/dl/firebase/ios/carthage/8.3.0/FirebaseMessaging-2bd96ad0aa4e894a.zip",
  "8.4.0": "https://dl.google.com/dl/firebase/ios/carthage/8.4.0/FirebaseMessaging-393e1b144e387c62.zip",
  "8.5.0": "https://dl.google.com/dl/firebase/ios/carthage/8.5.0/FirebaseMessaging-bafb870544da0d63.zip",
  "8.6.0": "https://dl.google.com/dl/firebase/ios/carthage/8.6.0/FirebaseMessaging-0a2443b44e67295b.zip",
  "8.7.0": "https://dl.google.com/dl/firebase/ios/carthage/8.7.0/FirebaseMessaging-62a6610e4a2aa95c.zip",
  "8.8.0": "https://dl.google.com/dl/firebase/ios/carthage/8.8.0/FirebaseMessaging-d46e188cabb74ee0.zip",
  "8.9.0": "https://dl.google.com/dl/firebase/ios/carthage/8.9.0/FirebaseMessaging-dd3e3745c0ccc552.zip",
  "8.9.1": "https://dl.google.com/dl/firebase/ios/carthage/8.9.1/FirebaseMessaging-4366b8bde4b87c2d.zip",
  "9.0.0": "https://dl.google.com/dl/firebase/ios/carthage/9.0.0/FirebaseMessaging-781ddf95759d6699.zip",
  "9.1.0": "https://dl.google.com/dl/firebase/ios/carthage/9.1.0/FirebaseMessaging-116cbea4b12ceb23.zip",
  "9.2.0": "https://dl.google.com/dl/firebase/ios/carthage/9.2.0/FirebaseMessaging-edba135aeb14ada7.zip",
  "9.3.0": "https://dl.google.com/dl/firebase/ios/carthage/9.3.0/FirebaseMessaging-bc3ac74b078aab5a.zip",
  "9.4.0": "https://dl.google.com/dl/firebase/ios/carthage/9.4.0/FirebaseMessaging-94101abda1b6af66.zip",
  "9.5.0": "https://dl.google.com/dl/firebase/ios/carthage/9.5.0/FirebaseMessaging-9733aa43000770a7.zip",
  "9.6.0": "https://dl.google.com/dl/firebase/ios/carthage/9.6.0/FirebaseMessaging-d3f65f1a01731f6d.zip"
}
