{
  "10.0.0": "https://dl.google.com/dl/firebase/ios/carthage/10.0.0/Google-Mobile-Ads-SDK-d588c632d268acbb.zip",
  "10.1.0": "https://dl.google.com/dl/firebase/ios/carthage/10.1.0/Google-Mobile-Ads-SDK-6856ec2c0d236d2b.zip",
  "10.10.0": "https://dl.google.com/dl/firebase/ios/carthage/10.10.0/Google-Mobile-Ads-SDK-b5a530fd44233f7d.zip",
  "10.11.0": "https://dl.google.com/dl/firebase/ios/carthage/10.11.0/Google-Mobile-Ads-SDK-574f44c640f54134.zip",
  "10.12.0": "https://dl.google.com/dl/firebase/ios/carthage/10.12.0/Google-Mobile-Ads-SDK-ceca28a71dcbcee8.zip",
  "10.13.0": "https://dl.google.com/dl/firebase/ios/carthage/10.13.0/Google-Mobile-Ads-SDK-1d159c1f43c957db.zip",
  "10.14.0": "https://dl.google.com/dl/firebase/ios/carthage/10.14.0/Google-Mobile-Ads-SDK-71a9f8af856b0f9b.zip",
  "10.15.0": "https://dl.google.com/dl/firebase/ios/carthage/10.15.0/Google-Mobile-Ads-SDK-b16dc6f09df73e5e.zip",
  "10.16.0": "https://dl.google.com/dl/firebase/ios/carthage/10.16.0/Google-Mobile-Ads-SDK-f3386ef46d3c5d3f.zip",
  "10.17.0": "https://dl.google.com/dl/firebase/ios/carthage/10.17.0/Google-Mobile-Ads-SDK-8ee12e09f91c521d.zip",
  "10.18.0": "https://dl.google.com/dl/firebase/ios/carthage/10.18.0/Google-Mobile-Ads-SDK-bdeb97bf3c25008b.zip",
  "10.19.0": "https://dl.google.com/dl/firebase/ios/carthage/10.19.0/Google-Mobile-Ads-SDK-db6e557426f37394.zip",
  "10.2.0": "https://dl.google.com/dl/firebase/ios/carthage/10.2.0/Google-Mobile-Ads-SDK-c8bc252ed3323212.zip",
  "10.20.0": "https://dl.google.com/dl/firebase/ios/carthage/10.20.0/Google-Mobile-Ads-SDK-5f8bb98bb2467b85.zip",
  "10.21.0": "https://dl.google.com/dl/firebase/ios/carthage/10.21.0/Google-Mobile-Ads-SDK-23be5a73a2ce3dcc.zip",
  "10.22.0": "https://dl.google.com/dl/firebase/ios/carthage/10.22.0/Google-Mobile-Ads-SDK-bf8077d30296e04a.zip",
  "10.23.0": "https://dl.google.com/dl/firebase/ios/carthage/10.23.0/Google-Mobile-Ads-SDK-ea1e4524d0df93f6.zip",
  "10.24.0": "https://dl.google.com/dl/firebase/ios/carthage/10.24.0/Google-Mobile-Ads-SDK-28d9adec807e6c50.zip",
  "10.25.0": "https://dl.google.com/dl/firebase/ios/carthage/10.25.0/Google-Mobile-Ads-SDK-4088408e21a81c67.zip",
  "10.27.0": "https://dl.google.com/dl/firebase/ios/carthage/10.27.0/Google-Mobile-Ads-SDK-3a13e621232a5f94.zip",
  "10.28.0": "https://dl.google.com/dl/firebase/ios/carthage/10.28.0/Google-Mobile-Ads-SDK-74659cf2b864d68a.zip",
  "10.29.0": "https://dl.google.com/dl/firebase/ios/carthage/10.29.0/Google-Mobile-Ads-SDK-48b3c0588ad13719.zip",
  "10.3.0": "https://dl.google.com/dl/firebase/ios/carthage/10.3.0/Google-Mobile-Ads-SDK-8b0d1ce3d1162b67.zip",
  "10.4.0": "https://dl.google.com/dl/firebase/ios/carthage/10.4.0/Google-Mobile-Ads-SDK-046511c3fd0189eb.zip",
  "10.5.0": "https://dl.google.com/dl/firebase/ios/carthage/10.5.0/Google-Mobile-Ads-SDK-50008c143ad8f268.zip",
  "10.6.0": "https://dl.google.com/dl/firebase/ios/carthage/10.6.0/Google-Mobile-Ads-SDK-116c40997650f5d4.zip",
  "10.7.0": "https://dl.google.com/dl/firebase/ios/carthage/10.7.0/Google-Mobile-Ads-SDK-740de42758581c96.zip",
  "10.8.0": "https://dl.google.com/dl/firebase/ios/carthage/10.8.0/Google-Mobile-Ads-SDK-20493dd791701138.zip",
  "10.9.0": "https://dl.google.com/dl/firebase/ios/carthage/10.9.0/Google-Mobile-Ads-SDK-89717d4c95277aa0.zip",
  "11.0.0": "https://dl.google.com/dl/firebase/ios/carthage/11.0.0/Google-Mobile-Ads-SDK-8208c48cf9486f31.zip",
  "11.1.0": "https://dl.google.com/dl/firebase/ios/carthage/11.1.0/Google-Mobile-Ads-SDK-35e22051f01c0eaa.zip",
  "11.2.0": "https://dl.google.com/dl/firebase/ios/carthage/11.2.0/Google-Mobile-Ads-SDK-4f24527af297e7f1.zip",
  "11.3.0": "https://dl.google.com/dl/firebase/ios/carthage/11.3.0/Google-Mobile-Ads-SDK-80ba4cb995505158.zip",
  "11.4.0": "https://dl.google.com/dl/firebase/ios/carthage/11.4.0/Google-Mobile-Ads-SDK-3df614a58e6a5fa6.zip",
  "11.5.0": "https://dl.google.com/dl/firebase/ios/carthage/11.5.0/Google-Mobile-Ads-SDK-34abc42769a452ec.zip",
  "4.11.0": "https://dl.google.com/dl/firebase/ios/carthage/4.11.0/AdMob-8a654a42c33bbcc8.zip",
  "4.12.0": "https://dl.google.com/dl/firebase/ios/carthage/4.12.0/AdMob-63dab3b525b94cd9.zip",
  "4.9.0": "https://dl.google.com/dl/firebase/ios/carthage/4.9.0/AdMob-134752c6180a2a41.zip",
  "5.0.0": "https://dl.google.com/dl/firebase/ios/carthage/5.0.0/AdMob-63dab3b525b94cd9.zip",
  "5.0.1": "https://dl.google.com/dl/firebase/ios/carthage/5.0.1/AdMob-63dab3b525b94cd9.zip",
  "5.1.0": "https://dl.google.com/dl/firebase/ios/carthage/5.1.0/AdMob-548b9922374ac37f.zip",
  "5.10.0": "https://dl.google.com/dl/firebase/ios/carthage/5.10.0/AdMob-94aa9a868979de80.zip",
  "5.11.0": "https://dl.google.com/dl/firebase/ios/carthage/5.11.0/AdMob-573a14ad7d3020ee.zip",
  "5.12.0": "https://dl.google.com/dl/firebase/ios/carthage/5.12.0/AdMob-573a14ad7d3020ee.zip",
  "5.13.0": "https://dl.google.com/dl/firebase/ios/carthage/5.13.0/AdMob-78d1a02d5b414dab.zip",
  "5.14.0": "https://dl.google.com/dl/firebase/ios/carthage/5.14.0/AdMob-78bdf259962fe997.zip",
  "5.15.0": "https://dl.google.com/dl/firebase/ios/carthage/5.15.0/AdMob-3e101f9dadb88cee.zip",
  "5.16.0": "https://dl.google.com/dl/firebase/ios/carthage/5.16.0/AdMob-e8316c19a51140fe.zip",
  "5.17.0": "https://dl.google.com/dl/firebase/ios/carthage/5.17.0/AdMob-8c5fdf1fd8473c7a.zip",
  "5.18.1": "https://dl.google.com/dl/firebase/ios/carthage/5.18.1/AdMob-e4cb4dbb59cf4eba.zip",
  "5.18.2": "https://dl.google.com/dl/firebase/ios/carthage/5.18.2/AdMob-e4cb4dbb59cf4eba.zip",
  "5.19.0": "https://dl.google.com/dl/firebase/ios/carthage/5.19.0/AdMob-c77d02709c362bb9.zip",
  "5.2.0": "https://dl.google.com/dl/firebase/ios/carthage/5.2.0/AdMob-548b9922374ac37f.zip",
  "5.20.0": "https://dl.google.com/dl/firebase/ios/carthage/5.20.0/AdMob-1fb1b377a7b5632d.zip",
  "5.3.0": "https://dl.google.com/dl/firebase/ios/carthage/5.3.0/AdMob-548b9922374ac37f.zip",
  "5.4.0": "https://dl.google.com/dl/firebase/ios/carthage/5.4.0/AdMob-548b9922374ac37f.zip",
  "5.6.0": "https://dl.google.com/dl/firebase/ios/carthage/5.6.0/AdMob-548b9922374ac37f.zip",
  "5.8.0": "https://dl.google.com/dl/firebase/ios/carthage/5.8.0/AdMob-20f7e613470a205c.zip",
  "6.0.0": "https://dl.google.com/dl/firebase/ios/carthage/6.0.0/AdMob-6817ae9f721d1947.zip",
  "6.1.0": "https://dl.google.com/dl/firebase/ios/carthage/6.1.0/AdMob-9c6c8633532452e0.zip",
  "6.10.0": "https://dl.google.com/dl/firebase/ios/carthage/6.10.0/AdMob-50597c9e7223ee44.zip",
  "6.11.0": "https://dl.google.com/dl/firebase/ios/carthage/6.11.0/AdMob-50597c9e7223ee44.zip",
  "6.12.0": "https://dl.google.com/dl/firebase/ios/carthage/6.12.0/AdMob-eb8ca5211857279c.zip",
  "6.13.0": "https://dl.google.com/dl/firebase/ios/carthage/6.13.0/AdMob-0de3db843e8fbde6.zip",
  "6.14.0": "https://dl.google.com/dl/firebase/ios/carthage/6.14.0/Google-Mobile-Ads-SDK-8b31ea2e5564a6d1.zip",
  "6.15.0": "https://dl.google.com/dl/firebase/ios/carthage/6.15.0/Google-Mobile-Ads-SDK-0355ac81bda04771.zip",
  "6.16.0": "https://dl.google.com/dl/firebase/ios/carthage/6.16.0/Google-Mobile-Ads-SDK-f19cd3aceb9c89a0.zip",
  "6.17.0": "https://dl.google.com/dl/firebase/ios/carthage/6.17.0/Google-Mobile-Ads-SDK-fc941c56053ace02.zip",
  "6.18.0": "https://dl.google.com/dl/firebase/ios/carthage/6.18.0/Google-Mobile-Ads-SDK-12d4e05a0997045b.zip",
  "6.19.0": "https://dl.google.com/dl/firebase/ios/carthage/6.19.0/Google-Mobile-Ads-SDK-1204bca3ca921c59.zip",
  "6.2.0": "https://dl.google.com/dl/firebase/ios/carthage/6.2.0/AdMob-9c6c8633532452e0.zip",
  "6.21.0": "https://dl.google.com/dl/firebase/ios/carthage/6.21.0/Google-Mobile-Ads-SDK-91457c2888addb12.zip",
  "6.22.0": "https://dl.google.com/dl/firebase/ios/carthage/6.22.0/Google-Mobile-Ads-SDK-0fb6559c042a6288.zip",
  "6.23.0": "https://dl.google.com/dl/firebase/ios/carthage/6.23.0/Google-Mobile-Ads-SDK-37b1539d8ac3d060.zip",
  "6.24.0": "https://dl.google.com/dl/firebase/ios/carthage/6.24.0/Google-Mobile-Ads-SDK-c83da37a91316fcd.zip",
  "6.26.0": "https://dl.google.com/dl/firebase/ios/carthage/6.26.0/Google-Mobile-Ads-SDK-84f9fb3f5c07ca6e.zip",
  "6.27.0": "https://dl.google.com/dl/firebase/ios/carthage/6.27.0/Google-Mobile-Ads-SDK-6de7b029b33b8b4f.zip",
  "6.28.1": "https://dl.google.com/dl/firebase/ios/carthage/6.28.1/Google-Mobile-Ads-SDK-5571b6688b11ea6f.zip",
  "6.29.0": "https://dl.google.com/dl/firebase/ios/carthage/6.29.0/Google-Mobile-Ads-SDK-00f568f8a188dcfb.zip",
  "6.3.0": "https://dl.google.com/dl/firebase/ios/carthage/6.3.0/AdMob-7d27e7aae48ad0b7.zip",
  "6.30.0": "https://dl.google.com/dl/firebase/ios/carthage/6.30.0/Google-Mobile-Ads-SDK-f02e808e35dea82c.zip",
  "6.31.0": "https://dl.google.com/dl/firebase/ios/carthage/6.31.0/Google-Mobile-Ads-SDK-03e1b39c83511f9b.zip",
  "6.32.0": "https://dl.google.com/dl/firebase/ios/carthage/6.32.0/Google-Mobile-Ads-SDK-728d332dff75210a.zip",
  "6.33.0": "https://dl.google.com/dl/firebase/ios/carthage/6.33.0/Google-Mobile-Ads-SDK-cd2b968f9af485a9.zip",
  "6.34.0": "https://dl.google.com/dl/firebase/ios/carthage/6.34.0/Google-Mobile-Ads-SDK-82b93043b51971e7.zip",
  "6.4.0": "https://dl.google.com/dl/firebase/ios/carthage/6.4.0/AdMob-6d78bc2082a07339.zip",
  "6.5.0": "https://dl.google.com/dl/firebase/ios/carthage/6.5.0/AdMob-6881b87e2ad49080.zip",
  "6.6.0": "https://dl.google.com/dl/firebase/ios/carthage/6.6.0/AdMob-09aa291ca1afa67d.zip",
  "6.7.0": "https://dl.google.com/dl/firebase/ios/carthage/6.7.0/AdMob-d76755368433e50e.zip",
  "6.8.0": "https://dl.google.com/dl/firebase/ios/carthage/6.8.0/AdMob-f24caa8b0c950885.zip",
  "6.8.1": "https://dl.google.com/dl/firebase/ios/carthage/6.8.1/AdMob-d76755368433e50e.zip",
  "6.9.0": "https://dl.google.com/dl/firebase/ios/carthage/6.9.0/AdMob-50597c9e7223ee44.zip",
  "7.0.0": "https://dl.google.com/dl/firebase/ios/carthage/7.0.0/Google-Mobile-Ads-SDK-57acca92672ef61b.zip",
  "7.1.0": "https://dl.google.com/dl/firebase/ios/carthage/7.1.0/Google-Mobile-Ads-SDK-5c6542b7b9174033.zip",
  "8.0.0": "https://dl.google.com/dl/firebase/ios/carthage/8.0.0/Google-Mobile-Ads-SDK-665ae6f4a583c121.zip",
  "8.1.0": "https://dl.google.com/dl/firebase/ios/carthage/8.1.0/Google-Mobile-Ads-SDK-5de7e1df815f74c8.zip",
  "8.10.0": "https://dl.google.com/dl/firebase/ios/carthage/8.10.0/Google-Mobile-Ads-SDK-a798c1524cd0acad.zip",
  "8.11.0": "https://dl.google.com/dl/firebase/ios/carthage/8.11.0/Google-Mobile-Ads-SDK-7bb860a4e399440a.zip",
  "8.12.1": "https://dl.google.com/dl/firebase/ios/carthage/8.12.1/Google-Mobile-Ads-SDK-c834227171392ac2.zip",
  "8.13.0": "https://dl.google.com/dl/firebase/ios/carthage/8.13.0/Google-Mobile-Ads-SDK-cf3b384d44eb2cf4.zip",
  "8.14.0": "https://dl.google.com/dl/firebase/ios/carthage/8.14.0/Google-Mobile-Ads-SDK-f2d6ce65698f8c96.zip",
  "8.15.0": "https://dl.google.com/dl/firebase/ios/carthage/8.15.0/Google-Mobile-Ads-SDK-92f4c2cddae7725d.zip",
  "8.2.0": "https://dl.google.com/dl/firebase/ios/carthage/8.2.0/Google-Mobile-Ads-SDK-1fe4f506973849d2.zip",
  "8.3.0": "https://dl.google.com/dl/firebase/ios/carthage/8.3.0/Google-Mobile-Ads-SDK-6ecde0af7f67568f.zip",
  "8.4.0": "https://dl.google.com/dl/firebase/ios/carthage/8.4.0/Google-Mobile-Ads-SDK-805bdfc99d5b6046.zip",
  "8.5.0": "https://dl.google.com/dl/firebase/ios/carthage/8.5.0/Google-Mobile-Ads-SDK-af3e2d35bec1a295.zip",
  "8.6.0": "https://dl.google.com/dl/firebase/ios/carthage/8.6.0/Google-Mobile-Ads-SDK-46ae59ab217d6b0e.zip",
  "8.7.0": "https://dl.google.com/dl/firebase/ios/carthage/8.7.0/Google-Mobile-Ads-SDK-a969d9fc19666d92.zip",
  "8.8.0": "https://dl.google.com/dl/firebase/ios/carthage/8.8.0/Google-Mobile-Ads-SDK-7c9afded557e2a0f.zip",
  "8.9.0": "https://dl.google.com/dl/firebase/ios/carthage/8.9.0/Google-Mobile-Ads-SDK-11f5691565e0c0e9.zip",
  "8.9.1": "https://dl.google.com/dl/firebase/ios/carthage/8.9.1/Google-Mobile-Ads-SDK-869ddadaca43236d.zip",
  "9.0.0": "https://dl.google.com/dl/firebase/ios/carthage/9.0.0/Google-Mobile-Ads-SDK-e2dec86f4b8d05d9.zip",
  "9.1.0": "https://dl.google.com/dl/firebase/ios/carthage/9.1.0/Google-Mobile-Ads-SDK-8212e9feeeb878e1.zip",
  "9.2.0": "https://dl.google.com/dl/firebase/ios/carthage/9.2.0/Google-Mobile-Ads-SDK-e27f08e494c0347a.zip",
  "9.3.0": "https://dl.google.com/dl/firebase/ios/carthage/9.3.0/Google-Mobile-Ads-SDK-df328535e0498229.zip",
  "9.4.0": "https://dl.google.com/dl/firebase/ios/carthage/9.4.0/Google-Mobile-Ads-SDK-28620894ab20be6f.zip",
  "9.5.0": "https://dl.google.com/dl/firebase/ios/carthage/9.5.0/Google-Mobile-Ads-SDK-ca4106ad49754131.zip",
  "9.6.0": "https://dl.google.com/dl/firebase/ios/carthage/9.6.0/Google-Mobile-Ads-SDK-df0c3d19c2b4f83a.zip"
}
