{
  "10.0.0": "https://dl.google.com/dl/firebase/ios/carthage/10.0.0/FirebaseDynamicLinks-3a8c79fd8550e514.zip",
  "10.1.0": "https://dl.google.com/dl/firebase/ios/carthage/10.1.0/FirebaseDynamicLinks-ea6ec159d0d48ff7.zip",
  "10.10.0": "https://dl.google.com/dl/firebase/ios/carthage/10.10.0/FirebaseDynamicLinks-76eac37d8efb10de.zip",
  "10.11.0": "https://dl.google.com/dl/firebase/ios/carthage/10.11.0/FirebaseDynamicLinks-e4fd27f8fd1ea25a.zip",
  "10.12.0": "https://dl.google.com/dl/firebase/ios/carthage/10.12.0/FirebaseDynamicLinks-c1c795120c774bd7.zip",
  "10.13.0": "https://dl.google.com/dl/firebase/ios/carthage/10.13.0/FirebaseDynamicLinks-4c4e92b5cf0dc720.zip",
  "10.14.0": "https://dl.google.com/dl/firebase/ios/carthage/10.14.0/FirebaseDynamicLinks-08cbb6bdc81634ad.zip",
  "10.15.0": "https://dl.google.com/dl/firebase/ios/carthage/10.15.0/FirebaseDynamicLinks-eba7e425696d2bd3.zip",
  "10.16.0": "https://dl.google.com/dl/firebase/ios/carthage/10.16.0/FirebaseDynamicLinks-6af2f8bf23e4ada2.zip",
  "10.17.0": "https://dl.google.com/dl/firebase/ios/carthage/10.17.0/FirebaseDynamicLinks-b8ae2a0b7699b635.zip",
  "10.18.0": "https://dl.google.com/dl/firebase/ios/carthage/10.18.0/FirebaseDynamicLinks-fe77330a0c9267b7.zip",
  "10.19.0": "https://dl.google.com/dl/firebase/ios/carthage/10.19.0/FirebaseDynamicLinks-a4f0deb13e7b39fd.zip",
  "10.2.0": "https://dl.google.com/dl/firebase/ios/carthage/10.2.0/FirebaseDynamicLinks-bfdce6ac5d591ab3.zip",
  "10.20.0": "https://dl.google.com/dl/firebase/ios/carthage/10.20.0/FirebaseDynamicLinks-693c6213bc87f8c0.zip",
  "10.21.0": "https://dl.google.com/dl/firebase/ios/carthage/10.21.0/FirebaseDynamicLinks-ad0ac7b8fdf4c1b5.zip",
  "10.22.0": "https://dl.google.com/dl/firebase/ios/carthage/10.22.0/FirebaseDynamicLinks-c17c59949b7cc573.zip",
  "10.23.0": "https://dl.google.com/dl/firebase/ios/carthage/10.23.0/FirebaseDynamicLinks-ffffc66283665cc3.zip",
  "10.24.0": "https://dl.google.com/dl/firebase/ios/carthage/10.24.0/FirebaseDynamicLinks-6aa708ba01e222f5.zip",
  "10.25.0": "https://dl.google.com/dl/firebase/ios/carthage/10.25.0/FirebaseDynamicLinks-1c3a48e8f12fc824.zip",
  "10.27.0": "https://dl.google.com/dl/firebase/ios/carthage/10.27.0/FirebaseDynamicLinks-4d0eab3bc03dbfa7.zip",
  "10.28.0": "https://dl.google.com/dl/firebase/ios/carthage/10.28.0/FirebaseDynamicLinks-9f6a1855f6e51747.zip",
  "10.29.0": "https://dl.google.com/dl/firebase/ios/carthage/10.29.0/FirebaseDynamicLinks-cfa82daed8fc241d.zip",
  "10.3.0": "https://dl.google.com/dl/firebase/ios/carthage/10.3.0/FirebaseDynamicLinks-7cf4ae5e96882ca8.zip",
  "10.4.0": "https://dl.google.com/dl/firebase/ios/carthage/10.4.0/FirebaseDynamicLinks-c3bdeb37651a5d5d.zip",
  "10.5.0": "https://dl.google.com/dl/firebase/ios/carthage/10.5.0/FirebaseDynamicLinks-bcb5df6ec32f6684.zip",
  "10.6.0": "https://dl.google.com/dl/firebase/ios/carthage/10.6.0/FirebaseDynamicLinks-75e73fe1a66fd58d.zip",
  "10.7.0": "https://dl.google.com/dl/firebase/ios/carthage/10.7.0/FirebaseDynamicLinks-b84cbbce9ef9e522.zip",
  "10.8.0": "https://dl.google.com/dl/firebase/ios/carthage/10.8.0/FirebaseDynamicLinks-048606765d53444f.zip",
  "10.9.0": "https://dl.google.com/dl/firebase/ios/carthage/10.9.0/FirebaseDynamicLinks-3c0298de3e855025.zip",
  "11.0.0": "https://dl.google.com/dl/firebase/ios/carthage/11.0.0/FirebaseDynamicLinks-9e4c79d39080bef1.zip",
  "11.1.0": "https://dl.google.com/dl/firebase/ios/carthage/11.1.0/FirebaseDynamicLinks-09b22cea086a30bc.zip",
  "11.2.0": "https://dl.google.com/dl/firebase/ios/carthage/11.2.0/FirebaseDynamicLinks-e61c61fa80e5ea8a.zip",
  "11.3.0": "https://dl.google.com/dl/firebase/ios/carthage/11.3.0/FirebaseDynamicLinks-95f7e222d8456304.zip",
  "11.4.0": "https://dl.google.com/dl/firebase/ios/carthage/11.4.0/FirebaseDynamicLinks-f3f9d6cc60c8b832.zip",
  "11.5.0": "https://dl.google.com/dl/firebase/ios/carthage/11.5.0/FirebaseDynamicLinks-2d21fc8dc1ab3b10.zip",
  "4.11.0": "https://dl.google.com/dl/firebase/ios/carthage/4.11.0/DynamicLinks-6a76740211df73f5.zip",
  "4.12.0": "https://dl.google.com/dl/firebase/ios/carthage/4.12.0/DynamicLinks-6a76740211df73f5.zip",
  "4.9.0": "https://dl.google.com/dl/firebase/ios/carthage/4.9.0/DynamicLinks-6a76740211df73f5.zip",
  "5.0.0": "https://dl.google.com/dl/firebase/ios/carthage/5.0.0/DynamicLinks-e9c4a1d3494bc9c3.zip",
  "5.0.1": "https://dl.google.com/dl/firebase/ios/carthage/5.0.1/DynamicLinks-e9c4a1d3494bc9c3.zip",
  "5.1.0": "https://dl.google.com/dl/firebase/ios/carthage/5.1.0/DynamicLinks-8aee15d5673adbd9.zip",
  "5.10.0": "https://dl.google.com/dl/firebase/ios/carthage/5.10.0/DynamicLinks-baf7fae4ce4bfe7e.zip",
  "5.11.0": "https://dl.google.com/dl/firebase/ios/carthage/5.11.0/DynamicLinks-394fb29d98700caf.zip",
  "5.12.0": "https://dl.google.com/dl/firebase/ios/carthage/5.12.0/DynamicLinks-7b559f3381ba6b36.zip",
  "5.13.0": "https://dl.google.com/dl/firebase/ios/carthage/5.13.0/DynamicLinks-b59ee6525097fc76.zip",
  "5.14.0": "https://dl.google.com/dl/firebase/ios/carthage/5.14.0/DynamicLinks-7e06c9515330b112.zip",
  "5.15.0": "https://dl.google.com/dl/firebase/ios/carthage/5.15.0/DynamicLinks-0f72b9d881728b3f.zip",
  "5.16.0": "https://dl.google.com/dl/firebase/ios/carthage/5.16.0/DynamicLinks-9e02849931342d6c.zip",
  "5.17.0": "https://dl.google.com/dl/firebase/ios/carthage/5.17.0/DynamicLinks-63e06807e5439d15.zip",
  "5.18.1": "https://dl.google.com/dl/firebase/ios/carthage/5.18.1/DynamicLinks-75553c3fcf53f630.zip",
  "5.18.2": "https://dl.google.com/dl/firebase/ios/carthage/5.18.2/DynamicLinks-3aa04bdf76f2aae6.zip",
  "5.19.0": "https://dl.google.com/dl/firebase/ios/carthage/5.19.0/DynamicLinks-b8544b43df6b6297.zip",
  "5.2.0": "https://dl.google.com/dl/firebase/ios/carthage/5.2.0/DynamicLinks-8aee15d5673adbd9.zip",
  "5.20.0": "https://dl.google.com/dl/firebase/ios/carthage/5.20.0/DynamicLinks-0a2bc1a2650b192a.zip",
  "5.3.0": "https://dl.google.com/dl/firebase/ios/carthage/5.3.0/DynamicLinks-8aee15d5673adbd9.zip",
  "5.4.0": "https://dl.google.com/dl/firebase/ios/carthage/5.4.0/DynamicLinks-8aee15d5673adbd9.zip",
  "5.6.0": "https://dl.google.com/dl/firebase/ios/carthage/5.6.0/DynamicLinks-b351f12dbca465ff.zip",
  "5.8.0": "https://dl.google.com/dl/firebase/ios/carthage/5.8.0/DynamicLinks-b351f12dbca465ff.zip",
  "6.0.0": "https://dl.google.com/dl/firebase/ios/carthage/6.0.0/DynamicLinks-8151bc6ef324ce26.zip",
  "6.1.0": "https://dl.google.com/dl/firebase/ios/carthage/6.1.0/DynamicLinks-44c1641306a9eebb.zip",
  "6.10.0": "https://dl.google.com/dl/firebase/ios/carthage/6.10.0/DynamicLinks-487148b04d1b5e72.zip",
  "6.11.0": "https://dl.google.com/dl/firebase/ios/carthage/6.11.0/DynamicLinks-33f92b599f28065e.zip",
  "6.12.0": "https://dl.google.com/dl/firebase/ios/carthage/6.12.0/DynamicLinks-34c41e1be46b6e9e.zip",
  "6.13.0": "https://dl.google.com/dl/firebase/ios/carthage/6.13.0/DynamicLinks-5c59142aedc1125d.zip",
  "6.14.0": "https://dl.google.com/dl/firebase/ios/carthage/6.14.0/FirebaseDynamicLinks-4c99ea6e83f5f55b.zip",
  "6.15.0": "https://dl.google.com/dl/firebase/ios/carthage/6.15.0/FirebaseDynamicLinks-7ec71f45e9c3ea0f.zip",
  "6.16.0": "https://dl.google.com/dl/firebase/ios/carthage/6.16.0/FirebaseDynamicLinks-53b1c0f851771b02.zip",
  "6.17.0": "https://dl.google.com/dl/firebase/ios/carthage/6.17.0/FirebaseDynamicLinks-1a1d9cdaa37ae1b7.zip",
  "6.18.0": "https://dl.google.com/dl/firebase/ios/carthage/6.18.0/FirebaseDynamicLinks-f44a2687b2eaac74.zip",
  "6.19.0": "https://dl.google.com/dl/firebase/ios/carthage/6.19.0/FirebaseDynamicLinks-a7c4d391ca0f6804.zip",
  "6.2.0": "https://dl.google.com/dl/firebase/ios/carthage/6.2.0/DynamicLinks-4b215e4938969317.zip",
  "6.21.0": "https://dl.google.com/dl/firebase/ios/carthage/6.21.0/FirebaseDynamicLinks-16793575c788aaff.zip",
  "6.22.0": "https://dl.google.com/dl/firebase/ios/carthage/6.22.0/FirebaseDynamicLinks-1e6f85fd96cf1a35.zip",
  "6.23.0": "https://dl.google.com/dl/firebase/ios/carthage/6.23.0/FirebaseDynamicLinks-5751b6b8ba41de73.zip",
  "6.24.0": "https://dl.google.com/dl/firebase/ios/carthage/6.24.0/FirebaseDynamicLinks-87a469b3e2e447bc.zip",
  "6.26.0": "https://dl.google.com/dl/firebase/ios/carthage/6.26.0/FirebaseDynamicLinks-a0c6b42a1c8c8b6d.zip",
  "6.27.0": "https://dl.google.com/dl/firebase/ios/carthage/6.27.0/FirebaseDynamicLinks-f908174a90cec319.zip",
  "6.28.1": "https://dl.google.com/dl/firebase/ios/carthage/6.28.1/FirebaseDynamicLinks-073ce38260b4d271.zip",
  "6.29.0": "https://dl.google.com/dl/firebase/ios/carthage/6.29.0/FirebaseDynamicLinks-d3229f7b9608ce8c.zip",
  "6.3.0": "https://dl.google.com/dl/firebase/ios/carthage/6.3.0/DynamicLinks-54842e3cf7a7bb4f.zip",
  "6.30.0": "https://dl.google.com/dl/firebase/ios/carthage/6.30.0/FirebaseDynamicLinks-45712a5e35fcd481.zip",
  "6.31.0": "https://dl.google.com/dl/firebase/ios/carthage/6.31.0/FirebaseDynamicLinks-956c9b865916fb56.zip",
  "6.32.0": "https://dl.google.com/dl/firebase/ios/carthage/6.32.0/FirebaseDynamicLinks-d7fd49a3a134187e.zip",
  "6.33.0": "https://dl.google.com/dl/firebase/ios/carthage/6.33.0/FirebaseDynamicLinks-4fbcd1fdf5016391.zip",
  "6.34.0": "https://dl.google.com/dl/firebase/ios/carthage/6.34.0/FirebaseDynamicLinks-b5bb568fa8051341.zip",
  "6.4.0": "https://dl.google.com/dl/firebase/ios/carthage/6.4.0/DynamicLinks-9343ac61395c6647.zip",
  "6.5.0": "https://dl.google.com/dl/firebase/ios/carthage/6.5.0/DynamicLinks-f2234b04cd632de9.zip",
  "6.6.0": "https://dl.google.com/dl/firebase/ios/carthage/6.6.0/DynamicLinks-ad9ea638d64aa09a.zip",
  "6.7.0": "https://dl.google.com/dl/firebase/ios/carthage/6.7.0/DynamicLinks-61ef09b8d1a9e5cc.zip",
  "6.8.0": "https://dl.google.com/dl/firebase/ios/carthage/6.8.0/DynamicLinks-c267d3496e685dcc.zip",
  "6.8.1": "https://dl.google.com/dl/firebase/ios/carthage/6.8.1/DynamicLinks-29e96fee6e77b949.zip",
  "6.9.0": "https://dl.google.com/dl/firebase/ios/carthage/6.9.0/DynamicLinks-51b09c1cd125406b.zip",
  "7.0.0": "https://dl.google.com/dl/firebase/ios/carthage/7.0.0/FirebaseDynamicLinks-e72f634ac5794cd4.zip",
  "7.1.0": "https://dl.google.com/dl/firebase/ios/carthage/7.1.0/FirebaseDynamicLinks-46bdab6249863597.zip",
  "7.10.0": "https://dl.google.com/dl/firebase/ios/carthage/7.10.0/FirebaseDynamicLinks-e4c5d4fdf8ff2d8c.zip",
  "7.11.0": "https://dl.google.com/dl/firebase/ios/carthage/7.11.0/FirebaseDynamicLinks-66183199ce95e405.zip",
  "7.3.0": "https://dl.google.com/dl/firebase/ios/carthage/7.3.0/FirebaseDynamicLinks-de6b6d142a0b1542.zip",
  "7.4.0": "https://dl.google.com/dl/firebase/ios/carthage/7.4.0/FirebaseDynamicLinks-bc36b012d3a1690d.zip",
  "7.5.0": "https://dl.google.com/dl/firebase/ios/carthage/7.5.0/FirebaseDynamicLinks-f7f041a920e23c3f.zip",
  "7.6.0": "https://dl.google.com/dl/firebase/ios/carthage/7.6.0/FirebaseDynamicLinks-1dc89b25df3ee039.zip",
  "7.7.0": "https://dl.google.com/dl/firebase/ios/carthage/7.7.0/FirebaseDynamicLinks-035d13e639a42cba.zip",
  "7.8.0": "https://dl.google.com/dl/firebase/ios/carthage/7.8.0/FirebaseDynamicLinks-3265c6c3d3830db1.zip",
  "8.0.0": "https://dl.google.com/dl/firebase/ios/carthage/8.0.0/FirebaseDynamicLinks-36c7657713d9e37d.zip",
  "8.1.0": "https://dl.google.com/dl/firebase/ios/carthage/8.1.0/FirebaseDynamicLinks-5dbb15352818fd25.zip",
  "8.10.0": "https://dl.google.com/dl/firebase/ios/carthage/8.10.0/FirebaseDynamicLinks-964de001941994a9.zip",
  "8.11.0": "https://dl.google.com/dl/firebase/ios/carthage/8.11.0/FirebaseDynamicLinks-7e40c2118f4d6006.zip",
  "8.12.1": "https://dl.google.com/dl/firebase/ios/carthage/8.12.1/FirebaseDynamicLinks-0930d755ef6f0d3a.zip",
  "8.13.0": "https://dl.google.com/dl/firebase/ios/carthage/8.13.0/FirebaseDynamicLinks-f34c00499ee36e5e.zip",
  "8.14.0": "https://dl.google.com/dl/firebase/ios/carthage/8.14.0/FirebaseDynamicLinks-ec501bcbff8d5a82.zip",
  "8.15.0": "https://dl.google.com/dl/firebase/ios/carthage/8.15.0/FirebaseDynamicLinks-2e3a0ef95884b532.zip",
  "8.2.0": "https://dl.google.com/dl/firebase/ios/carthage/8.2.0/FirebaseDynamicLinks-a00bc5e3d7e2e6e9.zip",
  "8.3.0": "https://dl.google.com/dl/firebase/ios/carthage/8.3.0/FirebaseDynamicLinks-d945976ea1236dfe.zip",
  "8.4.0": "https://dl.google.com/dl/firebase/ios/carthage/8.4.0/FirebaseDynamicLinks-a257e48214c0c320.zip",
  "8.5.0": "https://dl.google.com/dl/firebase/ios/carthage/8.5.0/FirebaseDynamicLinks-c1c6fb222a07e079.zip",
  "8.6.0": "https://dl.google.com/dl/firebase/ios/carthage/8.6.0/FirebaseDynamicLinks-99ab4b5182fb9030.zip",
  "8.7.0": "https://dl.google.com/dl/firebase/ios/carthage/8.7.0/FirebaseDynamicLinks-74899898e5878948.zip",
  "8.8.0": "https://dl.google.com/dl/firebase/ios/carthage/8.8.0/FirebaseDynamicLinks-155097479320de7e.zip",
  "8.9.0": "https://dl.google.com/dl/firebase/ios/carthage/8.9.0/FirebaseDynamicLinks-97662de91042207f.zip",
  "8.9.1": "https://dl.google.com/dl/firebase/ios/carthage/8.9.1/FirebaseDynamicLinks-b78152333350b036.zip",
  "9.0.0": "https://dl.google.com/dl/firebase/ios/carthage/9.0.0/FirebaseDynamicLinks-5e8e05212a5bea99.zip",
  "9.1.0": "https://dl.google.com/dl/firebase/ios/carthage/9.1.0/FirebaseDynamicLinks-5f173ee4a524759d.zip",
  "9.2.0": "https://dl.google.com/dl/firebase/ios/carthage/9.2.0/FirebaseDynamicLinks-c8731205b36a9a47.zip",
  "9.3.0": "https://dl.google.com/dl/firebase/ios/carthage/9.3.0/FirebaseDynamicLinks-068655a4a81e76f0.zip",
  "9.4.0": "https://dl.google.com/dl/firebase/ios/carthage/9.4.0/FirebaseDynamicLinks-b291a2c52afea88d.zip",
  "9.5.0": "https://dl.google.com/dl/firebase/ios/carthage/9.5.0/FirebaseDynamicLinks-9903afce819bbad9.zip",
  "9.6.0": "https://dl.google.com/dl/firebase/ios/carthage/9.6.0/FirebaseDynamicLinks-0c4c41a955b9b7a1.zip"
}
