{
  "10.0.0": "https://dl.google.com/dl/firebase/ios/carthage/10.0.0/FirebaseAnalytics-02b2758dd4a5b9b7.zip",
  "10.1.0": "https://dl.google.com/dl/firebase/ios/carthage/10.1.0/FirebaseAnalytics-681bcc7575c820f9.zip",
  "10.10.0": "https://dl.google.com/dl/firebase/ios/carthage/10.10.0/FirebaseAnalytics-9184b9234c446c27.zip",
  "10.11.0": "https://dl.google.com/dl/firebase/ios/carthage/10.11.0/FirebaseAnalytics-b5b39de578121ee3.zip",
  "10.12.0": "https://dl.google.com/dl/firebase/ios/carthage/10.12.0/FirebaseAnalytics-53bd7f7a13215c80.zip",
  "10.13.0": "https://dl.google.com/dl/firebase/ios/carthage/10.13.0/FirebaseAnalytics-3d2ea380dd8a03b1.zip",
  "10.14.0": "https://dl.google.com/dl/firebase/ios/carthage/10.14.0/FirebaseAnalytics-c5a78a8a5113db34.zip",
  "10.15.0": "https://dl.google.com/dl/firebase/ios/carthage/10.15.0/FirebaseAnalytics-e3091ea15d97263c.zip",
  "10.16.0": "https://dl.google.com/dl/firebase/ios/carthage/10.16.0/FirebaseAnalytics-818e60d497e338e1.zip",
  "10.17.0": "https://dl.google.com/dl/firebase/ios/carthage/10.17.0/FirebaseAnalytics-770e1f266115a486.zip",
  "10.18.0": "https://dl.google.com/dl/firebase/ios/carthage/10.18.0/FirebaseAnalytics-a31cc40d8ff01594.zip",
  "10.19.0": "https://dl.google.com/dl/firebase/ios/carthage/10.19.0/FirebaseAnalytics-040a907770027c1e.zip",
  "10.2.0": "https://dl.google.com/dl/firebase/ios/carthage/10.2.0/FirebaseAnalytics-6f8b70c8ee2efc85.zip",
  "10.20.0": "https://dl.google.com/dl/firebase/ios/carthage/10.20.0/FirebaseAnalytics-4d7ca295e8b44c0c.zip",
  "10.21.0": "https://dl.google.com/dl/firebase/ios/carthage/10.21.0/FirebaseAnalytics-620570dc24ce7d7b.zip",
  "10.22.0": "https://dl.google.com/dl/firebase/ios/carthage/10.22.0/FirebaseAnalytics-a121058bc5824bfa.zip",
  "10.23.0": "https://dl.google.com/dl/firebase/ios/carthage/10.23.0/FirebaseAnalytics-ed7624b45fb9f7f1.zip",
  "10.24.0": "https://dl.google.com/dl/firebase/ios/carthage/10.24.0/FirebaseAnalytics-e3194dd8c803ccd4.zip",
  "10.25.0": "https://dl.google.com/dl/firebase/ios/carthage/10.25.0/FirebaseAnalytics-8af4daf086589ec7.zip",
  "10.27.0": "https://dl.google.com/dl/firebase/ios/carthage/10.27.0/FirebaseAnalytics-974d555fcd032bea.zip",
  "10.28.0": "https://dl.google.com/dl/firebase/ios/carthage/10.28.0/FirebaseAnalytics-b7d18db02bafdf76.zip",
  "10.29.0": "https://dl.google.com/dl/firebase/ios/carthage/10.29.0/FirebaseAnalytics-d5af9229359eb423.zip",
  "10.3.0": "https://dl.google.com/dl/firebase/ios/carthage/10.3.0/FirebaseAnalytics-95669fcf109f74a2.zip",
  "10.4.0": "https://dl.google.com/dl/firebase/ios/carthage/10.4.0/FirebaseAnalytics-c0db6cb0e858e397.zip",
  "10.5.0": "https://dl.google.com/dl/firebase/ios/carthage/10.5.0/FirebaseAnalytics-e8ebe991b5743f71.zip",
  "10.6.0": "https://dl.google.com/dl/firebase/ios/carthage/10.6.0/FirebaseAnalytics-aebb0844491598df.zip",
  "10.7.0": "https://dl.google.com/dl/firebase/ios/carthage/10.7.0/FirebaseAnalytics-e550ea45578c421f.zip",
  "10.8.0": "https://dl.google.com/dl/firebase/ios/carthage/10.8.0/FirebaseAnalytics-e874ef3f225a5943.zip",
  "10.9.0": "https://dl.google.com/dl/firebase/ios/carthage/10.9.0/FirebaseAnalytics-0ada8ccba1c9ac8a.zip",
  "11.0.0": "https://dl.google.com/dl/firebase/ios/carthage/11.0.0/FirebaseAnalytics-640e51a50e0916d4.zip",
  "11.1.0": "https://dl.google.com/dl/firebase/ios/carthage/11.1.0/FirebaseAnalytics-c0c45b49d7c16d39.zip",
  "11.2.0": "https://dl.google.com/dl/firebase/ios/carthage/11.2.0/FirebaseAnalytics-a93a6c81da535385.zip",
  "11.3.0": "https://dl.google.com/dl/firebase/ios/carthage/11.3.0/FirebaseAnalytics-fd2c71a90d62b88a.zip",
  "11.4.0": "https://dl.google.com/dl/firebase/ios/carthage/11.4.0/FirebaseAnalytics-525b465eb296d09e.zip",
  "11.5.0": "https://dl.google.com/dl/firebase/ios/carthage/11.5.0/FirebaseAnalytics-7302159af7baa5d6.zip",
  "4.11.0": "https://dl.google.com/dl/firebase/ios/carthage/4.11.0/Analytics-2468c231ebeb7922.zip",
  "4.12.0": "https://dl.google.com/dl/firebase/ios/carthage/4.12.0/Analytics-bc8101d420b896c5.zip",
  "4.9.0": "https://dl.google.com/dl/firebase/ios/carthage/4.9.0/Analytics-d2b6a6b0242db786.zip",
  "5.0.0": "https://dl.google.com/dl/firebase/ios/carthage/5.0.0/Analytics-a72e54e6ee35a1da.zip",
  "5.0.1": "https://dl.google.com/dl/firebase/ios/carthage/5.0.1/Analytics-6f41f8b6a4a602b9.zip",
  "5.1.0": "https://dl.google.com/dl/firebase/ios/carthage/5.1.0/Analytics-52948f66a286d179.zip",
  "5.10.0": "https://dl.google.com/dl/firebase/ios/carthage/5.10.0/Analytics-b631d5470926967d.zip",
  "5.11.0": "https://dl.google.com/dl/firebase/ios/carthage/5.11.0/Analytics-7884efc0a699288e.zip",
  "5.12.0": "https://dl.google.com/dl/firebase/ios/carthage/5.12.0/Analytics-009134b89d1a4a0b.zip",
  "5.13.0": "https://dl.google.com/dl/firebase/ios/carthage/5.13.0/Analytics-f4541285b4a965a6.zip",
  "5.14.0": "https://dl.google.com/dl/firebase/ios/carthage/5.14.0/Analytics-72a4a9a678fb8908.zip",
  "5.15.0": "https://dl.google.com/dl/firebase/ios/carthage/5.15.0/Analytics-d8c06817f3e84325.zip",
  "5.16.0": "https://dl.google.com/dl/firebase/ios/carthage/5.16.0/Analytics-c1bfdb9985294f87.zip",
  "5.17.0": "https://dl.google.com/dl/firebase/ios/carthage/5.17.0/Analytics-0cadccd5107e0da5.zip",
  "5.18.1": "https://dl.google.com/dl/firebase/ios/carthage/5.18.1/Analytics-d2986c895b5bc2b3.zip",
  "5.18.2": "https://dl.google.com/dl/firebase/ios/carthage/5.18.2/Analytics-5687f262ea682158.zip",
  "5.19.0": "https://dl.google.com/dl/firebase/ios/carthage/5.19.0/Analytics-3ea8e20bb1f225e0.zip",
  "5.2.0": "https://dl.google.com/dl/firebase/ios/carthage/5.2.0/Analytics-176152b7f41195bd.zip",
  "5.20.0": "https://dl.google.com/dl/firebase/ios/carthage/5.20.0/Analytics-b07c199f622e48b3.zip",
  "5.20.2": "https://dl.google.com/dl/firebase/ios/carthage/5.20.2/Analytics-6dc067cf98193751.zip",
  "5.3.0": "https://dl.google.com/dl/firebase/ios/carthage/5.3.0/Analytics-0e73f9530d94269d.zip",
  "5.4.0": "https://dl.google.com/dl/firebase/ios/carthage/5.4.0/Analytics-9ee775d51ebc52d8.zip",
  "5.6.0": "https://dl.google.com/dl/firebase/ios/carthage/5.6.0/Analytics-4da75e14d341f196.zip",
  "5.8.0": "https://dl.google.com/dl/firebase/ios/carthage/5.8.0/Analytics-87377f817d6f59df.zip",
  "6.0.0": "https://dl.google.com/dl/firebase/ios/carthage/6.0.0/Analytics-597265ca9352ba4a.zip",
  "6.1.0": "https://dl.google.com/dl/firebase/ios/carthage/6.1.0/Analytics-dba70a4b2638700a.zip",
  "6.10.0": "https://dl.google.com/dl/firebase/ios/carthage/6.10.0/Analytics-325e6d1d9c53e945.zip",
  "6.11.0": "https://dl.google.com/dl/firebase/ios/carthage/6.11.0/Analytics-1308dd306f1d4ce5.zip",
  "6.12.0": "https://dl.google.com/dl/firebase/ios/carthage/6.12.0/Analytics-cbe7a1470465a479.zip",
  "6.13.0": "https://dl.google.com/dl/firebase/ios/carthage/6.13.0/Analytics-ffb3d42bb2c0db05.zip",
  "6.14.0": "https://dl.google.com/dl/firebase/ios/carthage/6.14.0/FirebaseAnalytics-7b7c03446f49e8cf.zip",
  "6.15.0": "https://dl.google.com/dl/firebase/ios/carthage/6.15.0/FirebaseAnalytics-5d2eb172bd23366d.zip",
  "6.16.0": "https://dl.google.com/dl/firebase/ios/carthage/6.16.0/FirebaseAnalytics-e1de6d221b4ab1ac.zip",
  "6.17.0": "https://dl.google.com/dl/firebase/ios/carthage/6.17.0/FirebaseAnalytics-ca3380a1354d97a7.zip",
  "6.18.0": "https://dl.google.com/dl/firebase/ios/carthage/6.18.0/FirebaseAnalytics-1a9a4cd1b8c772ce.zip",
  "6.19.0": "https://dl.google.com/dl/firebase/ios/carthage/6.19.0/FirebaseAnalytics-7cbd01605039b4f2.zip",
  "6.2.0": "https://dl.google.com/dl/firebase/ios/carthage/6.2.0/Analytics-0efac508c31b0173.zip",
  "6.21.0": "https://dl.google.com/dl/firebase/ios/carthage/6.21.0/FirebaseAnalytics-211716d7b9c9b9b7.zip",
  "6.22.0": "https://dl.google.com/dl/firebase/ios/carthage/6.22.0/FirebaseAnalytics-dba8b299a99dbd29.zip",
  "6.23.0": "https://dl.google.com/dl/firebase/ios/carthage/6.23.0/FirebaseAnalytics-a97b119138579a01.zip",
  "6.24.0": "https://dl.google.com/dl/firebase/ios/carthage/6.24.0/FirebaseAnalytics-20b215aa02a6bef3.zip",
  "6.26.0": "https://dl.google.com/dl/firebase/ios/carthage/6.26.0/FirebaseAnalytics-938781b2f0404613.zip",
  "6.27.0": "https://dl.google.com/dl/firebase/ios/carthage/6.27.0/FirebaseAnalytics-f47dc5d7b3a26875.zip",
  "6.28.1": "https://dl.google.com/dl/firebase/ios/carthage/6.28.1/FirebaseAnalytics-abc1638e21244338.zip",
  "6.29.0": "https://dl.google.com/dl/firebase/ios/carthage/6.29.0/FirebaseAnalytics-1339166ebecfac2a.zip",
  "6.3.0": "https://dl.google.com/dl/firebase/ios/carthage/6.3.0/Analytics-ecf84ca9f3b2ce64.zip",
  "6.30.0": "https://dl.google.com/dl/firebase/ios/carthage/6.30.0/FirebaseAnalytics-92d6bb1fb54e8a4a.zip",
  "6.31.0": "https://dl.google.com/dl/firebase/ios/carthage/6.31.0/FirebaseAnalytics-21645fb89fd0e9bc.zip",
  "6.32.0": "https://dl.google.com/dl/firebase/ios/carthage/6.32.0/FirebaseAnalytics-4caca50b405ec086.zip",
  "6.33.0": "https://dl.google.com/dl/firebase/ios/carthage/6.33.0/FirebaseAnalytics-58462e538de7ef8f.zip",
  "6.34.0": "https://dl.google.com/dl/firebase/ios/carthage/6.34.0/FirebaseAnalytics-008926c7cc533bd7.zip",
  "6.4.0": "https://dl.google.com/dl/firebase/ios/carthage/6.4.0/Analytics-663223ff7fa069d5.zip",
  "6.5.0": "https://dl.google.com/dl/firebase/ios/carthage/6.5.0/Analytics-fe0669fafb68cf16.zip",
  "6.6.0": "https://dl.google.com/dl/firebase/ios/carthage/6.6.0/Analytics-fe41b6ec186f7115.zip",
  "6.7.0": "https://dl.google.com/dl/firebase/ios/carthage/6.7.0/Analytics-daecbd4990b42fd1.zip",
  "6.8.0": "https://dl.google.com/dl/firebase/ios/carthage/6.8.0/Analytics-63dcd08a4182f525.zip",
  "6.8.1": "https://dl.google.com/dl/firebase/ios/carthage/6.8.1/Analytics-664a64b073ca7e5a.zip",
  "6.9.0": "https://dl.google.com/dl/firebase/ios/carthage/6.9.0/Analytics-8e4f2b0b33540341.zip",
  "7.0.0": "https://dl.google.com/dl/firebase/ios/carthage/7.0.0/FirebaseAnalytics-13faccd30235aef6.zip",
  "7.1.0": "https://dl.google.com/dl/firebase/ios/carthage/7.1.0/FirebaseAnalytics-6ff5be548eef1a14.zip",
  "7.3.0": "https://dl.google.com/dl/firebase/ios/carthage/7.3.0/FirebaseAnalytics-08224b8e737b268b.zip",
  "7.4.0": "https://dl.google.com/dl/firebase/ios/carthage/7.4.0/FirebaseAnalytics-b707977c5254fb87.zip",
  "8.0.0": "https://dl.google.com/dl/firebase/ios/carthage/8.0.0/FirebaseAnalytics-f0ef93c2b7eb9e33.zip",
  "8.1.0": "https://dl.google.com/dl/firebase/ios/carthage/8.1.0/FirebaseAnalytics-d1eb66ce8c1fe2cb.zip",
  "8.1.1": "https://dl.google.com/dl/firebase/ios/carthage/8.1.1/FirebaseAnalytics-8.1.1.zip",
  "8.10.0": "https://dl.google.com/dl/firebase/ios/carthage/8.10.0/FirebaseAnalytics-977b383649ec766d.zip",
  "8.11.0": "https://dl.google.com/dl/firebase/ios/carthage/8.11.0/FirebaseAnalytics-c9b3c4e19517d0d8.zip",
  "8.12.1": "https://dl.google.com/dl/firebase/ios/carthage/8.12.1/FirebaseAnalytics-c7440951e19ab35d.zip",
  "8.13.0": "https://dl.google.com/dl/firebase/ios/carthage/8.13.0/FirebaseAnalytics-2d9b3ce69afecedf.zip",
  "8.14.0": "https://dl.google.com/dl/firebase/ios/carthage/8.14.0/FirebaseAnalytics-76d80c73a44ef577.zip",
  "8.15.0": "https://dl.google.com/dl/firebase/ios/carthage/8.15.0/FirebaseAnalytics-0585ccaeead20886.zip",
  "8.2.0": "https://dl.google.com/dl/firebase/ios/carthage/8.2.0/FirebaseAnalytics-79fd36f8dff4f5c7.zip",
  "8.3.0": "https://dl.google.com/dl/firebase/ios/carthage/8.3.0/FirebaseAnalytics-172b530caa71aad9.zip",
  "8.4.0": "https://dl.google.com/dl/firebase/ios/carthage/8.4.0/FirebaseAnalytics-86a898d7af2c197e.zip",
  "8.5.0": "https://dl.google.com/dl/firebase/ios/carthage/8.5.0/FirebaseAnalytics-1faa0add7669a8d8.zip",
  "8.6.0": "https://dl.google.com/dl/firebase/ios/carthage/8.6.0/FirebaseAnalytics-17512c102cfe19b6.zip",
  "8.7.0": "https://dl.google.com/dl/firebase/ios/carthage/8.7.0/FirebaseAnalytics-0a75aff0909529a0.zip",
  "8.8.0": "https://dl.google.com/dl/firebase/ios/carthage/8.8.0/FirebaseAnalytics-3d84c4cf7aeeb770.zip",
  "8.9.0": "https://dl.google.com/dl/firebase/ios/carthage/8.9.0/FirebaseAnalytics-e9f5eb9b29ef3e80.zip",
  "8.9.1": "https://dl.google.com/dl/firebase/ios/carthage/8.9.1/FirebaseAnalytics-99c8003bbfcad467.zip",
  "9.0.0": "https://dl.google.com/dl/firebase/ios/carthage/9.0.0/FirebaseAnalytics-4aa86d1849cea541.zip",
  "9.1.0": "https://dl.google.com/dl/firebase/ios/carthage/9.1.0/FirebaseAnalytics-f4af994c807f4b90.zip",
  "9.2.0": "https://dl.google.com/dl/firebase/ios/carthage/9.2.0/FirebaseAnalytics-955ee584e676e6ca.zip",
  "9.3.0": "https://dl.google.com/dl/firebase/ios/carthage/9.3.0/FirebaseAnalytics-4cf60c60e0b27199.zip",
  "9.4.0": "https://dl.google.com/dl/firebase/ios/carthage/9.4.0/FirebaseAnalytics-7228aaeed10d86c1.zip",
  "9.5.0": "https://dl.google.com/dl/firebase/ios/carthage/9.5.0/FirebaseAnalytics-7d33d3e7f03906b9.zip",
  "9.6.0": "https://dl.google.com/dl/firebase/ios/carthage/9.6.0/FirebaseAnalytics-aa7cfc006182a88f.zip"
}
