{
  "5.10.0": "https://dl.google.com/dl/firebase/ios/carthage/5.10.0/InAppMessagingDisplay-b6b3470d78380718.zip",
  "5.11.0": "https://dl.google.com/dl/firebase/ios/carthage/5.11.0/InAppMessagingDisplay-15ea11a443b3ff0b.zip",
  "5.12.0": "https://dl.google.com/dl/firebase/ios/carthage/5.12.0/InAppMessagingDisplay-6e622afa8ba823d0.zip",
  "5.13.0": "https://dl.google.com/dl/firebase/ios/carthage/5.13.0/InAppMessagingDisplay-ca4f65fd0a436a90.zip",
  "5.14.0": "https://dl.google.com/dl/firebase/ios/carthage/5.14.0/InAppMessagingDisplay-6758ebdf6b699c8e.zip",
  "5.15.0": "https://dl.google.com/dl/firebase/ios/carthage/5.15.0/InAppMessagingDisplay-ca4f65fd0a436a90.zip",
  "5.16.0": "https://dl.google.com/dl/firebase/ios/carthage/5.16.0/InAppMessagingDisplay-ca4f65fd0a436a90.zip",
  "5.17.0": "https://dl.google.com/dl/firebase/ios/carthage/5.17.0/InAppMessagingDisplay-cf296387c90651ea.zip",
  "5.18.1": "https://dl.google.com/dl/firebase/ios/carthage/5.18.1/InAppMessagingDisplay-ef9eaae1afe4e59f.zip",
  "5.18.2": "https://dl.google.com/dl/firebase/ios/carthage/5.18.2/InAppMessagingDisplay-dbd7214c3ec21df0.zip",
  "5.19.0": "https://dl.google.com/dl/firebase/ios/carthage/5.19.0/InAppMessagingDisplay-0a390ac5221564f6.zip",
  "5.20.0": "https://dl.google.com/dl/firebase/ios/carthage/5.20.0/InAppMessagingDisplay-facb052bc860533e.zip",
  "5.6.0": "https://dl.google.com/dl/firebase/ios/carthage/5.6.0/InAppMessagingDisplay-f0b66cba3d0b6451.zip",
  "5.8.0": "https://dl.google.com/dl/firebase/ios/carthage/5.8.0/InAppMessagingDisplay-377ffc5677e40078.zip",
  "6.0.0": "https://dl.google.com/dl/firebase/ios/carthage/6.0.0/InAppMessagingDisplay-321a4855ac5b9dbd.zip",
  "6.1.0": "https://dl.google.com/dl/firebase/ios/carthage/6.1.0/InAppMessagingDisplay-a2b2e0337c84f883.zip",
  "6.10.0": "https://dl.google.com/dl/firebase/ios/carthage/6.10.0/InAppMessagingDisplay-3ad63df8ce8bb3c0.zip",
  "6.11.0": "https://dl.google.com/dl/firebase/ios/carthage/6.11.0/InAppMessagingDisplay-bd333bdad9d8c986.zip",
  "6.12.0": "https://dl.google.com/dl/firebase/ios/carthage/6.12.0/InAppMessagingDisplay-feef257eaafd5f80.zip",
  "6.13.0": "https://dl.google.com/dl/firebase/ios/carthage/6.13.0/InAppMessagingDisplay-45b5e643fe03e74f.zip",
  "6.14.0": "https://dl.google.com/dl/firebase/ios/carthage/6.14.0/FirebaseInAppMessagingDisplay-505660d5ed4e898d.zip",
  "6.15.0": "https://dl.google.com/dl/firebase/ios/carthage/6.15.0/FirebaseInAppMessagingDisplay-89f543d89ca3b484.zip",
  "6.2.0": "https://dl.google.com/dl/firebase/ios/carthage/6.2.0/InAppMessagingDisplay-5a43075c8d9c465e.zip",
  "6.3.0": "https://dl.google.com/dl/firebase/ios/carthage/6.3.0/InAppMessagingDisplay-5c1ed4de305c372c.zip",
  "6.4.0": "https://dl.google.com/dl/firebase/ios/carthage/6.4.0/InAppMessagingDisplay-a0b1211c5a067a2e.zip",
  "6.5.0": "https://dl.google.com/dl/firebase/ios/carthage/6.5.0/InAppMessagingDisplay-669ca45e3439c49e.zip",
  "6.6.0": "https://dl.google.com/dl/firebase/ios/carthage/6.6.0/InAppMessagingDisplay-d5cf19765cbae342.zip",
  "6.7.0": "https://dl.google.com/dl/firebase/ios/carthage/6.7.0/InAppMessagingDisplay-c5951274e80bf4dd.zip",
  "6.8.0": "https://dl.google.com/dl/firebase/ios/carthage/6.8.0/InAppMessagingDisplay-ddc6c5d34fdbfce6.zip",
  "6.8.1": "https://dl.google.com/dl/firebase/ios/carthage/6.8.1/InAppMessagingDisplay-cc131092406e0dcb.zip",
  "6.9.0": "https://dl.google.com/dl/firebase/ios/carthage/6.9.0/InAppMessagingDisplay-f643780309e5ab54.zip"
}
