{
  "10.0.0": "https://dl.google.com/dl/firebase/ios/carthage/10.0.0/FirebaseAuth-c1309119bfccd5d7.zip",
  "10.1.0": "https://dl.google.com/dl/firebase/ios/carthage/10.1.0/FirebaseAuth-f2dddb776209b8b5.zip",
  "10.10.0": "https://dl.google.com/dl/firebase/ios/carthage/10.10.0/FirebaseAuth-6b65afe0ec7a68b1.zip",
  "10.11.0": "https://dl.google.com/dl/firebase/ios/carthage/10.11.0/FirebaseAuth-6beee3f78d3cd586.zip",
  "10.12.0": "https://dl.google.com/dl/firebase/ios/carthage/10.12.0/FirebaseAuth-a837c239ea6f20ed.zip",
  "10.13.0": "https://dl.google.com/dl/firebase/ios/carthage/10.13.0/FirebaseAuth-4ab6385faee9a273.zip",
  "10.14.0": "https://dl.google.com/dl/firebase/ios/carthage/10.14.0/FirebaseAuth-7d3fac447959d7c1.zip",
  "10.15.0": "https://dl.google.com/dl/firebase/ios/carthage/10.15.0/FirebaseAuth-80aaf7a93a5173a4.zip",
  "10.16.0": "https://dl.google.com/dl/firebase/ios/carthage/10.16.0/FirebaseAuth-03adb74b07d993d0.zip",
  "10.17.0": "https://dl.google.com/dl/firebase/ios/carthage/10.17.0/FirebaseAuth-4038362324e7ba40.zip",
  "10.18.0": "https://dl.google.com/dl/firebase/ios/carthage/10.18.0/FirebaseAuth-457adc38d20fc396.zip",
  "10.19.0": "https://dl.google.com/dl/firebase/ios/carthage/10.19.0/FirebaseAuth-9b66f8a440352f9b.zip",
  "10.2.0": "https://dl.google.com/dl/firebase/ios/carthage/10.2.0/FirebaseAuth-2165e27f89d4959e.zip",
  "10.20.0": "https://dl.google.com/dl/firebase/ios/carthage/10.20.0/FirebaseAuth-222a2417c3c21b41.zip",
  "10.21.0": "https://dl.google.com/dl/firebase/ios/carthage/10.21.0/FirebaseAuth-da6796caf834f09f.zip",
  "10.22.0": "https://dl.google.com/dl/firebase/ios/carthage/10.22.0/FirebaseAuth-529e82147fbbd402.zip",
  "10.23.0": "https://dl.google.com/dl/firebase/ios/carthage/10.23.0/FirebaseAuth-2bbb81f2b4cbac77.zip",
  "10.24.0": "https://dl.google.com/dl/firebase/ios/carthage/10.24.0/FirebaseAuth-466e0e14d0c342e8.zip",
  "10.25.0": "https://dl.google.com/dl/firebase/ios/carthage/10.25.0/FirebaseAuth-a223b8ebda8fd2c2.zip",
  "10.27.0": "https://dl.google.com/dl/firebase/ios/carthage/10.27.0/FirebaseAuth-216efd548d80077e.zip",
  "10.28.0": "https://dl.google.com/dl/firebase/ios/carthage/10.28.0/FirebaseAuth-69251e74656bdaff.zip",
  "10.29.0": "https://dl.google.com/dl/firebase/ios/carthage/10.29.0/FirebaseAuth-97753dfde6cc7096.zip",
  "10.3.0": "https://dl.google.com/dl/firebase/ios/carthage/10.3.0/FirebaseAuth-e43e66353617f093.zip",
  "10.4.0": "https://dl.google.com/dl/firebase/ios/carthage/10.4.0/FirebaseAuth-8a9591e6daa7e207.zip",
  "10.5.0": "https://dl.google.com/dl/firebase/ios/carthage/10.5.0/FirebaseAuth-7e18a510d0a5b02e.zip",
  "10.6.0": "https://dl.google.com/dl/firebase/ios/carthage/10.6.0/FirebaseAuth-80d882e7b6f41dc1.zip",
  "10.7.0": "https://dl.google.com/dl/firebase/ios/carthage/10.7.0/FirebaseAuth-5d076d5861aa5f3b.zip",
  "10.8.0": "https://dl.google.com/dl/firebase/ios/carthage/10.8.0/FirebaseAuth-edf20beb3ea27846.zip",
  "10.9.0": "https://dl.google.com/dl/firebase/ios/carthage/10.9.0/FirebaseAuth-d62857535fd583f9.zip",
  "11.0.0": "https://dl.google.com/dl/firebase/ios/carthage/11.0.0/FirebaseAuth-6880d36dd83051b8.zip",
  "11.1.0": "https://dl.google.com/dl/firebase/ios/carthage/11.1.0/FirebaseAuth-41423c3255e3355e.zip",
  "11.2.0": "https://dl.google.com/dl/firebase/ios/carthage/11.2.0/FirebaseAuth-eade26b5390baf84.zip",
  "11.3.0": "https://dl.google.com/dl/firebase/ios/carthage/11.3.0/FirebaseAuth-93dd2965b3f79b98.zip",
  "11.4.0": "https://dl.google.com/dl/firebase/ios/carthage/11.4.0/FirebaseAuth-5faf6dc3bb16c732.zip",
  "11.5.0": "https://dl.google.com/dl/firebase/ios/carthage/11.5.0/FirebaseAuth-0c8317aa5649f10f.zip",
  "4.11.0": "https://dl.google.com/dl/firebase/ios/carthage/4.11.0/Auth-0fa76ba0f7956220.zip",
  "4.12.0": "https://dl.google.com/dl/firebase/ios/carthage/4.12.0/Auth-5ddd2b4351012c7a.zip",
  "4.9.0": "https://dl.google.com/dl/firebase/ios/carthage/4.9.0/Auth-5e248984d78d7284.zip",
  "5.0.0": "https://dl.google.com/dl/firebase/ios/carthage/5.0.0/Auth-43b52913e6a91b15.zip",
  "5.0.1": "https://dl.google.com/dl/firebase/ios/carthage/5.0.1/Auth-e8ead646b1d1c8d0.zip",
  "5.1.0": "https://dl.google.com/dl/firebase/ios/carthage/5.1.0/Auth-cb14821201343a58.zip",
  "5.10.0": "https://dl.google.com/dl/firebase/ios/carthage/5.10.0/Auth-3f696827a526e8e2.zip",
  "5.11.0": "https://dl.google.com/dl/firebase/ios/carthage/5.11.0/Auth-5ea6f01389e980d8.zip",
  "5.12.0": "https://dl.google.com/dl/firebase/ios/carthage/5.12.0/Auth-ef12144313b022d0.zip",
  "5.13.0": "https://dl.google.com/dl/firebase/ios/carthage/5.13.0/Auth-37330c26fdfcab80.zip",
  "5.14.0": "https://dl.google.com/dl/firebase/ios/carthage/5.14.0/Auth-b15fca2679ff3a16.zip",
  "5.15.0": "https://dl.google.com/dl/firebase/ios/carthage/5.15.0/Auth-1494829fe4c3c3ad.zip",
  "5.16.0": "https://dl.google.com/dl/firebase/ios/carthage/5.16.0/Auth-8c4ae5a9e19c75d6.zip",
  "5.17.0": "https://dl.google.com/dl/firebase/ios/carthage/5.17.0/Auth-92be7e2fc04352b7.zip",
  "5.18.1": "https://dl.google.com/dl/firebase/ios/carthage/5.18.1/Auth-f527839afdfa9978.zip",
  "5.18.2": "https://dl.google.com/dl/firebase/ios/carthage/5.18.2/Auth-260be81bece7042f.zip",
  "5.19.0": "https://dl.google.com/dl/firebase/ios/carthage/5.19.0/Auth-b5d631edcbeea2f7.zip",
  "5.2.0": "https://dl.google.com/dl/firebase/ios/carthage/5.2.0/Auth-04dfdbbf177cd049.zip",
  "5.20.0": "https://dl.google.com/dl/firebase/ios/carthage/5.20.0/Auth-515ecac18024d7e8.zip",
  "5.3.0": "https://dl.google.com/dl/firebase/ios/carthage/5.3.0/Auth-75baf29351692534.zip",
  "5.4.0": "https://dl.google.com/dl/firebase/ios/carthage/5.4.0/Auth-44f51a29f6ecccf0.zip",
  "5.6.0": "https://dl.google.com/dl/firebase/ios/carthage/5.6.0/Auth-72c61aaafb796ba3.zip",
  "5.8.0": "https://dl.google.com/dl/firebase/ios/carthage/5.8.0/Auth-5ea6f01389e980d8.zip",
  "6.0.0": "https://dl.google.com/dl/firebase/ios/carthage/6.0.0/Auth-61595671ca3a9d2f.zip",
  "6.1.0": "https://dl.google.com/dl/firebase/ios/carthage/6.1.0/Auth-17ab906d4a429b53.zip",
  "6.10.0": "https://dl.google.com/dl/firebase/ios/carthage/6.10.0/Auth-e733f050bbb3646f.zip",
  "6.11.0": "https://dl.google.com/dl/firebase/ios/carthage/6.11.0/Auth-a2b8b6f4351c91bb.zip",
  "6.12.0": "https://dl.google.com/dl/firebase/ios/carthage/6.12.0/Auth-ae117817fa05b3b4.zip",
  "6.13.0": "https://dl.google.com/dl/firebase/ios/carthage/6.13.0/Auth-89bb0563d785c958.zip",
  "6.14.0": "https://dl.google.com/dl/firebase/ios/carthage/6.14.0/FirebaseAuth-8db371ab7964aafe.zip",
  "6.15.0": "https://dl.google.com/dl/firebase/ios/carthage/6.15.0/FirebaseAuth-12a2acf7f53bc95b.zip",
  "6.16.0": "https://dl.google.com/dl/firebase/ios/carthage/6.16.0/FirebaseAuth-e24be2fcbaaaf213.zip",
  "6.17.0": "https://dl.google.com/dl/firebase/ios/carthage/6.17.0/FirebaseAuth-643a597ff4c44bd4.zip",
  "6.18.0": "https://dl.google.com/dl/firebase/ios/carthage/6.18.0/FirebaseAuth-9b493f19ee4503ce.zip",
  "6.19.0": "https://dl.google.com/dl/firebase/ios/carthage/6.19.0/FirebaseAuth-7b9ec06eff07a6f0.zip",
  "6.2.0": "https://dl.google.com/dl/firebase/ios/carthage/6.2.0/Auth-4835af2c116d8240.zip",
  "6.21.0": "https://dl.google.com/dl/firebase/ios/carthage/6.21.0/FirebaseAuth-545ab7ea6faf0891.zip",
  "6.22.0": "https://dl.google.com/dl/firebase/ios/carthage/6.22.0/FirebaseAuth-84e7ffcb871362e9.zip",
  "6.23.0": "https://dl.google.com/dl/firebase/ios/carthage/6.23.0/FirebaseAuth-8c39510b9581bfe0.zip",
  "6.24.0": "https://dl.google.com/dl/firebase/ios/carthage/6.24.0/FirebaseAuth-1c742ae648a32460.zip",
  "6.26.0": "https://dl.google.com/dl/firebase/ios/carthage/6.26.0/FirebaseAuth-997ddac0011de068.zip",
  "6.27.0": "https://dl.google.com/dl/firebase/ios/carthage/6.27.0/FirebaseAuth-e6d4b3ad471d32a0.zip",
  "6.28.1": "https://dl.google.com/dl/firebase/ios/carthage/6.28.1/FirebaseAuth-9ce940e2a843a455.zip",
  "6.29.0": "https://dl.google.com/dl/firebase/ios/carthage/6.29.0/FirebaseAuth-e2c1324478134bbc.zip",
  "6.3.0": "https://dl.google.com/dl/firebase/ios/carthage/6.3.0/Auth-3492b1e9e68cd97a.zip",
  "6.30.0": "https://dl.google.com/dl/firebase/ios/carthage/6.30.0/FirebaseAuth-d8751f5956ba62ff.zip",
  "6.31.0": "https://dl.google.com/dl/firebase/ios/carthage/6.31.0/FirebaseAuth-0eb833f20e5cba88.zip",
  "6.32.0": "https://dl.google.com/dl/firebase/ios/carthage/6.32.0/FirebaseAuth-6842ec1bf37b9ab1.zip",
  "6.33.0": "https://dl.google.com/dl/firebase/ios/carthage/6.33.0/FirebaseAuth-9c13d1e0dd43689f.zip",
  "6.34.0": "https://dl.google.com/dl/firebase/ios/carthage/6.34.0/FirebaseAuth-3df6836a7abc80d5.zip",
  "6.4.0": "https://dl.google.com/dl/firebase/ios/carthage/6.4.0/Auth-e67c1a6f98b7d8e4.zip",
  "6.5.0": "https://dl.google.com/dl/firebase/ios/carthage/6.5.0/Auth-fa5b0b44160c7bf6.zip",
  "6.6.0": "https://dl.google.com/dl/firebase/ios/carthage/6.6.0/Auth-4084b8684f3e2dd4.zip",
  "6.7.0": "https://dl.google.com/dl/firebase/ios/carthage/6.7.0/Auth-649b7f73fb368ff1.zip",
  "6.8.0": "https://dl.google.com/dl/firebase/ios/carthage/6.8.0/Auth-d6000066c46f6cc0.zip",
  "6.8.1": "https://dl.google.com/dl/firebase/ios/carthage/6.8.1/Auth-7ef8889c95095243.zip",
  "6.9.0": "https://dl.google.com/dl/firebase/ios/carthage/6.9.0/Auth-af61df0a74e5c3bd.zip",
  "7.0.0": "https://dl.google.com/dl/firebase/ios/carthage/7.0.0/FirebaseAuth-5e3de37f95a24442.zip",
  "7.1.0": "https://dl.google.com/dl/firebase/ios/carthage/7.1.0/FirebaseAuth-d36520d4c6c4b4f7.zip",
  "7.10.0": "https://dl.google.com/dl/firebase/ios/carthage/7.10.0/FirebaseAuth-60ef6ae4d943953f.zip",
  "7.11.0": "https://dl.google.com/dl/firebase/ios/carthage/7.11.0/FirebaseAuth-6cdf5031e31121ae.zip",
  "7.3.0": "https://dl.google.com/dl/firebase/ios/carthage/7.3.0/FirebaseAuth-338fdd0ab2737c5a.zip",
  "7.4.0": "https://dl.google.com/dl/firebase/ios/carthage/7.4.0/FirebaseAuth-6a2bf412add004e4.zip",
  "7.5.0": "https://dl.google.com/dl/firebase/ios/carthage/7.5.0/FirebaseAuth-9c0d43a1be8a09ac.zip",
  "7.6.0": "https://dl.google.com/dl/firebase/ios/carthage/7.6.0/FirebaseAuth-5910ec72c7d625c4.zip",
  "7.7.0": "https://dl.google.com/dl/firebase/ios/carthage/7.7.0/FirebaseAuth-d73c5a44b4e92631.zip",
  "7.8.0": "https://dl.google.com/dl/firebase/ios/carthage/7.8.0/FirebaseAuth-d72f822f48030396.zip",
  "8.0.0": "https://dl.google.com/dl/firebase/ios/carthage/8.0.0/FirebaseAuth-a7045e1dd08c2918.zip",
  "8.1.0": "https://dl.google.com/dl/firebase/ios/carthage/8.1.0/FirebaseAuth-400dab18fa5a8237.zip",
  "8.10.0": "https://dl.google.com/dl/firebase/ios/carthage/8.10.0/FirebaseAuth-a30a73ed3baf13bf.zip",
  "8.11.0": "https://dl.google.com/dl/firebase/ios/carthage/8.11.0/FirebaseAuth-d0615f12e4f53ae5.zip",
  "8.12.1": "https://dl.google.com/dl/firebase/ios/carthage/8.12.1/FirebaseAuth-112ee8ad72cc90cf.zip",
  "8.13.0": "https://dl.google.com/dl/firebase/ios/carthage/8.13.0/FirebaseAuth-58a3824ac8ed57af.zip",
  "8.14.0": "https://dl.google.com/dl/firebase/ios/carthage/8.14.0/FirebaseAuth-24cced0cee90cf6f.zip",
  "8.15.0": "https://dl.google.com/dl/firebase/ios/carthage/8.15.0/FirebaseAuth-c91b7a21ac8d7c19.zip",
  "8.2.0": "https://dl.google.com/dl/firebase/ios/carthage/8.2.0/FirebaseAuth-6deac3b6aa6f393b.zip",
  "8.3.0": "https://dl.google.com/dl/firebase/ios/carthage/8.3.0/FirebaseAuth-0a80a64dbf409a90.zip",
  "8.4.0": "https://dl.google.com/dl/firebase/ios/carthage/8.4.0/FirebaseAuth-ba300eff1c1adb11.zip",
  "8.5.0": "https://dl.google.com/dl/firebase/ios/carthage/8.5.0/FirebaseAuth-bf44998d7873cdd2.zip",
  "8.6.0": "https://dl.google.com/dl/firebase/ios/carthage/8.6.0/FirebaseAuth-022a11f00a2be174.zip",
  "8.7.0": "https://dl.google.com/dl/firebase/ios/carthage/8.7.0/FirebaseAuth-028a0d274ce9c9c6.zip",
  "8.8.0": "https://dl.google.com/dl/firebase/ios/carthage/8.8.0/FirebaseAuth-868da0e441e8c233.zip",
  "8.9.0": "https://dl.google.com/dl/firebase/ios/carthage/8.9.0/FirebaseAuth-79b22617d7aac8f0.zip",
  "8.9.1": "https://dl.google.com/dl/firebase/ios/carthage/8.9.1/FirebaseAuth-c163ef4e1d5b0ecf.zip",
  "9.0.0": "https://dl.google.com/dl/firebase/ios/carthage/9.0.0/FirebaseAuth-d6743232a3414446.zip",
  "9.1.0": "https://dl.google.com/dl/firebase/ios/carthage/9.1.0/FirebaseAuth-82442d405b1e6466.zip",
  "9.2.0": "https://dl.google.com/dl/firebase/ios/carthage/9.2.0/FirebaseAuth-482d7f957a84cb7e.zip",
  "9.3.0": "https://dl.google.com/dl/firebase/ios/carthage/9.3.0/FirebaseAuth-da8feeccda887b73.zip",
  "9.4.0": "https://dl.google.com/dl/firebase/ios/carthage/9.4.0/FirebaseAuth-7e587fd15416e6c4.zip",
  "9.5.0": "https://dl.google.com/dl/firebase/ios/carthage/9.5.0/FirebaseAuth-92cb08f908dc4cad.zip",
  "9.6.0": "https://dl.google.com/dl/firebase/ios/carthage/9.6.0/FirebaseAuth-6106b5a7447bdd50.zip"
}
